-- phpMyAdmin SQL Dump
-- version 4.9.0.1
-- https://www.phpmyadmin.net/
--
-- Host: 127.0.0.1
-- Generation Time: Nov 08, 2019 at 04:34 PM
-- Server version: 10.4.6-MariaDB
-- PHP Version: 7.3.8

SET SQL_MODE = "NO_AUTO_VALUE_ON_ZERO";
SET AUTOCOMMIT = 0;
START TRANSACTION;
SET time_zone = "+00:00";


/*!40101 SET @OLD_CHARACTER_SET_CLIENT=@@CHARACTER_SET_CLIENT */;
/*!40101 SET @OLD_CHARACTER_SET_RESULTS=@@CHARACTER_SET_RESULTS */;
/*!40101 SET @OLD_COLLATION_CONNECTION=@@COLLATION_CONNECTION */;
/*!40101 SET NAMES utf8mb4 */;

--
-- Database: `elapi`
--

-- --------------------------------------------------------

--
-- Table structure for table `failed_jobs`
--

CREATE TABLE `failed_jobs` (
  `id` bigint(20) UNSIGNED NOT NULL,
  `connection` text COLLATE utf8mb4_unicode_ci NOT NULL,
  `queue` text COLLATE utf8mb4_unicode_ci NOT NULL,
  `payload` longtext COLLATE utf8mb4_unicode_ci NOT NULL,
  `exception` longtext COLLATE utf8mb4_unicode_ci NOT NULL,
  `failed_at` timestamp NOT NULL DEFAULT current_timestamp()
) ENGINE=InnoDB DEFAULT CHARSET=utf8mb4 COLLATE=utf8mb4_unicode_ci;

-- --------------------------------------------------------

--
-- Table structure for table `migrations`
--

CREATE TABLE `migrations` (
  `id` int(10) UNSIGNED NOT NULL,
  `migration` varchar(255) COLLATE utf8mb4_unicode_ci NOT NULL,
  `batch` int(11) NOT NULL
) ENGINE=InnoDB DEFAULT CHARSET=utf8mb4 COLLATE=utf8mb4_unicode_ci;

--
-- Dumping data for table `migrations`
--

INSERT INTO `migrations` (`id`, `migration`, `batch`) VALUES
(1, '2014_10_12_000000_create_users_table', 1),
(2, '2014_10_12_100000_create_password_resets_table', 1),
(3, '2019_08_19_000000_create_failed_jobs_table', 1),
(4, '2019_11_08_134831_create_products_table', 1),
(5, '2019_11_08_135010_create_reviews_table', 1);

-- --------------------------------------------------------

--
-- Table structure for table `password_resets`
--

CREATE TABLE `password_resets` (
  `email` varchar(255) COLLATE utf8mb4_unicode_ci NOT NULL,
  `token` varchar(255) COLLATE utf8mb4_unicode_ci NOT NULL,
  `created_at` timestamp NULL DEFAULT NULL
) ENGINE=InnoDB DEFAULT CHARSET=utf8mb4 COLLATE=utf8mb4_unicode_ci;

-- --------------------------------------------------------

--
-- Table structure for table `products`
--

CREATE TABLE `products` (
  `id` int(10) UNSIGNED NOT NULL,
  `name` varchar(255) COLLATE utf8mb4_unicode_ci NOT NULL,
  `details` text COLLATE utf8mb4_unicode_ci NOT NULL,
  `price` int(11) NOT NULL,
  `stock` int(11) NOT NULL,
  `discount` int(11) NOT NULL,
  `status` int(11) NOT NULL DEFAULT 0,
  `created_at` timestamp NULL DEFAULT NULL,
  `updated_at` timestamp NULL DEFAULT NULL
) ENGINE=InnoDB DEFAULT CHARSET=utf8mb4 COLLATE=utf8mb4_unicode_ci;

--
-- Dumping data for table `products`
--

INSERT INTO `products` (`id`, `name`, `details`, `price`, `stock`, `discount`, `status`, `created_at`, `updated_at`) VALUES
(1, 'quos', 'Ea eligendi dolore expedita. Dolorem officia ad sint doloribus nobis assumenda.', 148, 2, 29, 0, '2019-11-08 09:29:09', '2019-11-08 09:29:09'),
(2, 'rerum', 'Aut quia molestiae ut porro quod. Atque id dolores enim voluptates nobis et. Corporis esse optio ipsam quam tempora itaque quos vitae. Vel quia consequatur assumenda sit vitae. Sunt et est id labore.', 113, 3, 22, 0, '2019-11-08 09:29:09', '2019-11-08 09:29:09'),
(3, 'et', 'Similique ut aperiam ut cumque nesciunt. Sint numquam id doloribus corrupti suscipit. Qui ut mollitia qui quia alias rerum.', 353, 5, 18, 0, '2019-11-08 09:29:09', '2019-11-08 09:29:09'),
(4, 'odit', 'Voluptatem iusto cumque quam dolores nemo. Voluptate cumque soluta et consequatur dignissimos. Quis impedit aut ratione autem.', 734, 9, 17, 0, '2019-11-08 09:29:09', '2019-11-08 09:29:09'),
(5, 'ipsam', 'Nobis iusto iusto minus sed. Ipsum praesentium voluptate sint ut et accusamus delectus odit. Est qui corrupti minus dolore fuga quos neque corporis. Esse maiores consequatur sed dolores cum.', 179, 5, 11, 0, '2019-11-08 09:29:09', '2019-11-08 09:29:09'),
(6, 'sunt', 'Qui labore voluptatem perspiciatis eius. Delectus recusandae optio hic architecto qui ipsa inventore. Quia sit voluptate et voluptas voluptatem.', 716, 8, 29, 0, '2019-11-08 09:29:09', '2019-11-08 09:29:09'),
(7, 'sed', 'Consectetur enim voluptas incidunt quaerat sed. Quia illo est at sequi. Eos itaque sit perferendis ab blanditiis qui sint eos. Quidem amet accusamus aut ipsum quibusdam qui error. Et ipsam distinctio nam impedit.', 781, 5, 17, 0, '2019-11-08 09:29:10', '2019-11-08 09:29:10'),
(8, 'corrupti', 'Dolorem itaque qui possimus non. Vitae a perspiciatis in ab. Quisquam id molestiae itaque iusto quae voluptatem nobis. Quasi dolor cumque reiciendis libero dolor commodi laudantium.', 965, 3, 20, 0, '2019-11-08 09:29:10', '2019-11-08 09:29:10'),
(9, 'explicabo', 'Impedit provident dolor sequi cumque. Maxime in delectus quis voluptas. Minima quas consequuntur animi sequi ratione. Soluta et ut quasi consequuntur sunt.', 810, 2, 27, 0, '2019-11-08 09:29:10', '2019-11-08 09:29:10'),
(10, 'beatae', 'Voluptate et iusto dolores qui dolorum quaerat tempora. Iste quasi repudiandae voluptatibus nulla. Consectetur cupiditate similique soluta. Et tenetur ipsa et facilis.', 521, 3, 30, 0, '2019-11-08 09:29:10', '2019-11-08 09:29:10'),
(11, 'et', 'Soluta vitae vitae qui sequi incidunt. Non qui similique culpa et et ea. Sit ut voluptates consequatur possimus doloremque minus est.', 783, 1, 15, 0, '2019-11-08 09:29:10', '2019-11-08 09:29:10'),
(12, 'quaerat', 'Voluptates dolor accusantium iusto dicta sed harum. Omnis maxime quia facilis itaque reiciendis numquam. Adipisci quisquam eveniet non et. Maiores et vitae corporis numquam perspiciatis et voluptates laudantium.', 236, 3, 28, 0, '2019-11-08 09:29:10', '2019-11-08 09:29:10'),
(13, 'error', 'Sint rem in at occaecati sint nesciunt excepturi. Quo eaque totam facere vitae autem dignissimos. Veniam mollitia et officiis soluta aperiam deleniti odit.', 484, 8, 8, 0, '2019-11-08 09:29:10', '2019-11-08 09:29:10'),
(14, 'ut', 'Quibusdam in aut eos accusamus dolorem. Id minus aut omnis. Eum aspernatur est inventore consequatur iure doloribus quis sit.', 100, 6, 30, 0, '2019-11-08 09:29:10', '2019-11-08 09:29:10'),
(15, 'repellat', 'Et vel itaque qui saepe. Aut odio dolores possimus dolores. Voluptatem quia molestias reiciendis vitae officiis. Cupiditate ut qui doloremque distinctio. Beatae illo error qui et odit corrupti.', 935, 0, 26, 0, '2019-11-08 09:29:10', '2019-11-08 09:29:10'),
(16, 'quia', 'Dolor hic dolorum qui quidem minus. Perferendis ad error libero aut quia. Porro recusandae ratione tempore exercitationem sit magnam enim aut. Autem qui ullam eum quo explicabo soluta quam provident.', 175, 2, 10, 0, '2019-11-08 09:29:10', '2019-11-08 09:29:10'),
(17, 'reiciendis', 'Et qui non aut. Voluptatibus voluptatum voluptatibus quos odio eum omnis qui repudiandae. Veniam aliquid eum eius libero exercitationem. Cumque aut voluptatum ex nihil.', 978, 3, 11, 0, '2019-11-08 09:29:10', '2019-11-08 09:29:10'),
(18, 'in', 'Deserunt necessitatibus aspernatur et voluptatem doloribus. Nihil in non id sit. Aut ut sint iste quis ut. Doloribus expedita nam voluptatem rerum.', 894, 5, 17, 0, '2019-11-08 09:29:10', '2019-11-08 09:29:10'),
(19, 'eius', 'Sed quo ea sequi velit ut dolor quisquam qui. Odit sint magni hic excepturi. Dolorem nobis quae voluptas quae praesentium officia voluptate.', 710, 4, 14, 0, '2019-11-08 09:29:10', '2019-11-08 09:29:10'),
(20, 'qui', 'Voluptas velit dolor ratione recusandae quis sint ex. Molestiae suscipit neque dignissimos et maiores dolorem. Architecto sit aspernatur ipsam blanditiis quasi cumque.', 335, 7, 7, 0, '2019-11-08 09:29:10', '2019-11-08 09:29:10'),
(21, 'corrupti', 'Voluptatum voluptas aliquid atque ratione beatae temporibus ea. Voluptas nobis ducimus unde reiciendis. Ipsum veniam mollitia voluptas nihil qui et. Dolor vitae suscipit reprehenderit optio nulla.', 369, 2, 20, 0, '2019-11-08 09:29:10', '2019-11-08 09:29:10'),
(22, 'ullam', 'Cupiditate quia voluptatem qui aspernatur similique dignissimos repudiandae. A facere amet beatae. Dicta rem eius nam non dicta reiciendis.', 168, 9, 11, 0, '2019-11-08 09:29:10', '2019-11-08 09:29:10'),
(23, 'suscipit', 'Consequatur quam tempore qui et fugit aut. Alias pariatur rerum voluptatem cumque cupiditate asperiores. Ea ipsa odit aut voluptate. Sunt quibusdam aperiam voluptatem velit consequuntur.', 734, 2, 17, 0, '2019-11-08 09:29:10', '2019-11-08 09:29:10'),
(24, 'voluptates', 'Rerum numquam beatae non rerum. Facere sed totam et ut. Sunt aut eius atque cum quis velit qui.', 617, 6, 11, 0, '2019-11-08 09:29:10', '2019-11-08 09:29:10'),
(25, 'quas', 'Amet a distinctio consequatur delectus omnis illo. Illo enim dignissimos corporis. Occaecati sed quia ut esse in. Quia quibusdam maiores sunt.', 300, 0, 11, 0, '2019-11-08 09:29:10', '2019-11-08 09:29:10'),
(26, 'ut', 'Eum itaque velit eum sequi est fugit reiciendis. Necessitatibus magnam quam eligendi eum. Dolorum omnis dolor non voluptatem consequuntur et quis. Delectus dolores aut qui occaecati temporibus dolor dolor quo.', 821, 3, 21, 0, '2019-11-08 09:29:10', '2019-11-08 09:29:10'),
(27, 'incidunt', 'Ut porro qui a perspiciatis labore dolorum eveniet ratione. Harum ut facere rem beatae laudantium est. Dolores tempore voluptatibus deleniti est. Veniam neque quia dolorem sit.', 278, 4, 26, 0, '2019-11-08 09:29:10', '2019-11-08 09:29:10'),
(28, 'aliquam', 'Quo aut odio in. Non aliquid repellat nihil odio ea ipsa beatae dignissimos. Quo quo qui ex expedita tempora sit. Qui dolor aut saepe quidem reiciendis.', 998, 0, 19, 0, '2019-11-08 09:29:10', '2019-11-08 09:29:10'),
(29, 'iusto', 'Sed enim eos vel eos. Aut excepturi corporis sit consequuntur neque ullam rerum. Quia eius dolorem laborum ipsam voluptatem fugiat delectus. In sunt consequatur delectus iusto quia.', 631, 9, 29, 0, '2019-11-08 09:29:11', '2019-11-08 09:29:11'),
(30, 'rerum', 'Harum est quibusdam explicabo eligendi suscipit sit. Est qui harum nostrum nemo consectetur. Nihil quia voluptate ad neque exercitationem. Eum fuga consequatur assumenda voluptas ut rerum ad et. Ducimus cupiditate vero nostrum minima.', 390, 0, 7, 0, '2019-11-08 09:29:11', '2019-11-08 09:29:11'),
(31, 'aut', 'Quam architecto eligendi aut sint tempore ea quo. Mollitia architecto aut iure accusamus pariatur. Aut cumque molestias aut neque optio.', 769, 5, 17, 0, '2019-11-08 09:29:11', '2019-11-08 09:29:11'),
(32, 'nihil', 'Asperiores nihil voluptatibus alias et consequatur exercitationem. Ut quo velit non et hic numquam. Reiciendis ullam sed voluptates.', 768, 7, 29, 0, '2019-11-08 09:29:11', '2019-11-08 09:29:11'),
(33, 'odit', 'Esse nihil dignissimos sit veritatis harum est dolor. Rem provident ut sequi reiciendis est fuga et. Ea sunt architecto necessitatibus eligendi enim. Eligendi officiis ea repudiandae non.', 155, 6, 24, 0, '2019-11-08 09:29:11', '2019-11-08 09:29:11'),
(34, 'sed', 'Iusto ut dolorum dolore rerum dolorem. Porro doloribus culpa voluptas eveniet molestiae. Id qui unde hic a tempore.', 975, 6, 26, 0, '2019-11-08 09:29:11', '2019-11-08 09:29:11'),
(35, 'consequatur', 'Facilis ea et non voluptas. Dolorem sed cupiditate eveniet. Eum et eligendi sed ducimus.', 929, 1, 8, 0, '2019-11-08 09:29:11', '2019-11-08 09:29:11'),
(36, 'ab', 'In ipsa est ullam molestias. Adipisci qui odit eius officiis ea velit. Soluta atque maiores dolores qui dolor architecto.', 518, 2, 15, 0, '2019-11-08 09:29:11', '2019-11-08 09:29:11'),
(37, 'quis', 'Laudantium fuga fugiat accusantium architecto quas dignissimos labore. Possimus dignissimos eos repellat voluptas illum voluptatem. Quisquam consequatur aliquid eos.', 885, 1, 10, 0, '2019-11-08 09:29:11', '2019-11-08 09:29:11'),
(38, 'vitae', 'Sed itaque exercitationem nihil. Esse aliquid et culpa recusandae vero. Ea deleniti natus minima ea porro. Repudiandae accusamus et repudiandae cumque.', 641, 4, 6, 0, '2019-11-08 09:29:11', '2019-11-08 09:29:11'),
(39, 'quo', 'Iste debitis cum mollitia ab. Et odio repellat facilis. Eum eveniet quo adipisci quis repudiandae. Qui est velit accusantium quam.', 101, 8, 18, 0, '2019-11-08 09:29:11', '2019-11-08 09:29:11'),
(40, 'voluptatem', 'Omnis tenetur ut et suscipit id non corporis sunt. Maiores quo voluptatem reprehenderit temporibus. Voluptatibus incidunt voluptatem occaecati rem. Ducimus voluptas ad quia voluptate.', 752, 6, 27, 0, '2019-11-08 09:29:11', '2019-11-08 09:29:11'),
(41, 'recusandae', 'Officia repudiandae et quasi distinctio et. Unde aut voluptate et explicabo quod beatae laborum. Soluta hic sed debitis a et deserunt doloremque.', 766, 8, 25, 0, '2019-11-08 09:29:11', '2019-11-08 09:29:11'),
(42, 'voluptatem', 'Blanditiis sed sint laborum placeat dolorem ea iste. Dicta ea sequi impedit molestias.', 640, 6, 7, 0, '2019-11-08 09:29:11', '2019-11-08 09:29:11'),
(43, 'iste', 'Consequatur dignissimos perspiciatis necessitatibus explicabo quia soluta molestiae. Et quia quod odit expedita. Facere provident tempora aut libero qui amet dolor magni. Veniam sapiente quos est quam vel. Facere facere delectus sunt dicta porro eum architecto.', 699, 3, 22, 0, '2019-11-08 09:29:11', '2019-11-08 09:29:11'),
(44, 'maiores', 'Laboriosam aut consequuntur ut in repellat illum laborum minima. Beatae temporibus illo doloribus ducimus. Animi voluptatem ut quam explicabo nulla aut nobis. Rem ut culpa earum nesciunt.', 373, 8, 21, 0, '2019-11-08 09:29:11', '2019-11-08 09:29:11'),
(45, 'quos', 'Perspiciatis sunt soluta voluptates aut est ea. Blanditiis rerum non inventore omnis blanditiis corrupti. Quis reprehenderit dolor ipsa amet deleniti minima.', 992, 4, 13, 0, '2019-11-08 09:29:11', '2019-11-08 09:29:11'),
(46, 'repellendus', 'Porro voluptate architecto quia harum ratione reiciendis. Incidunt dolores earum et quas. Doloribus temporibus atque enim excepturi quo explicabo unde. Et aliquid optio maxime molestiae.', 128, 8, 7, 0, '2019-11-08 09:29:11', '2019-11-08 09:29:11'),
(47, 'possimus', 'Consequatur magni et molestiae numquam. Aut iusto ut suscipit blanditiis tempore rerum rem. Sit voluptas quidem quia rerum.', 348, 6, 29, 0, '2019-11-08 09:29:11', '2019-11-08 09:29:11'),
(48, 'et', 'Deleniti vitae pariatur dicta cupiditate qui. Nihil aliquid dolorem repellat voluptates impedit aut debitis molestiae. Ab quod et et et.', 119, 0, 19, 0, '2019-11-08 09:29:11', '2019-11-08 09:29:11'),
(49, 'vel', 'Asperiores quo voluptas cum debitis quo blanditiis eaque id. Aut modi eaque sint illo et cum in. Rerum sed ea rerum aut quia.', 832, 4, 26, 0, '2019-11-08 09:29:11', '2019-11-08 09:29:11'),
(50, 'rerum', 'Fuga nesciunt corporis error incidunt ratione. Dolorem provident non nam odit delectus dolorem. Ea corrupti voluptatem sint atque aliquam eius.', 501, 2, 5, 0, '2019-11-08 09:29:11', '2019-11-08 09:29:11');

-- --------------------------------------------------------

--
-- Table structure for table `reviews`
--

CREATE TABLE `reviews` (
  `id` int(10) UNSIGNED NOT NULL,
  `product_id` int(10) UNSIGNED NOT NULL,
  `customer` varchar(255) COLLATE utf8mb4_unicode_ci NOT NULL,
  `review` text COLLATE utf8mb4_unicode_ci NOT NULL,
  `star` int(11) NOT NULL,
  `created_at` timestamp NULL DEFAULT NULL,
  `updated_at` timestamp NULL DEFAULT NULL
) ENGINE=InnoDB DEFAULT CHARSET=utf8mb4 COLLATE=utf8mb4_unicode_ci;

--
-- Dumping data for table `reviews`
--

INSERT INTO `reviews` (`id`, `product_id`, `customer`, `review`, `star`, `created_at`, `updated_at`) VALUES
(1, 30, 'Eusebio Gulgowski', 'Tenetur nihil enim perferendis tenetur quis qui qui. Consequatur rerum eius explicabo laudantium. In et aut totam qui quaerat tempora. Rerum sint delectus odit adipisci esse iusto.', 0, '2019-11-08 09:29:12', '2019-11-08 09:29:12'),
(2, 10, 'Eleanore Glover', 'Id reiciendis mollitia ab sequi corrupti voluptate. Enim odit provident fugit quam. Exercitationem deserunt quasi possimus minima blanditiis consequatur velit.', 4, '2019-11-08 09:29:12', '2019-11-08 09:29:12'),
(3, 9, 'Reva Larkin', 'Molestiae est recusandae laborum voluptas. Necessitatibus consequatur et et voluptatem voluptates. Voluptates alias numquam cumque pariatur.', 2, '2019-11-08 09:29:12', '2019-11-08 09:29:12'),
(4, 17, 'Sierra Doyle', 'Nihil quam odit alias voluptatibus. Et earum rem rerum dolore vero neque sed voluptates. Pariatur eveniet aut sit est. Enim tempora eveniet qui pariatur blanditiis accusantium.', 5, '2019-11-08 09:29:12', '2019-11-08 09:29:12'),
(5, 12, 'Dr. Mireille Weissnat DVM', 'Non odit quo blanditiis veritatis facilis exercitationem quibusdam. Illum voluptas rem et ad voluptatem quis enim. Aliquam non explicabo quia quia ut. Molestiae sint ab eveniet quia.', 4, '2019-11-08 09:29:12', '2019-11-08 09:29:12'),
(6, 41, 'Brady Cummerata', 'Ut harum voluptas magni vel qui minus sequi et. Doloremque veritatis expedita molestiae sunt facere maiores in. Qui tenetur ut repudiandae quia. Impedit illo commodi ut deleniti aut.', 4, '2019-11-08 09:29:12', '2019-11-08 09:29:12'),
(7, 16, 'Leonardo Heller Sr.', 'Doloribus et dolore voluptatem nemo et cupiditate est. Asperiores sit odio doloremque. Voluptas nobis eum molestiae quisquam reiciendis.', 0, '2019-11-08 09:29:12', '2019-11-08 09:29:12'),
(8, 5, 'Mr. Elmo Dooley IV', 'Placeat earum voluptatibus iste voluptatum voluptatum rerum et. Pariatur ipsum tempora aut sit ea iste. Ea eaque id consequuntur porro fugiat.', 5, '2019-11-08 09:29:12', '2019-11-08 09:29:12'),
(9, 13, 'Libby Ernser', 'Quos eaque distinctio dolorum dolorem. Maiores vero et nihil reiciendis. Tempora et perspiciatis suscipit perspiciatis magnam non consectetur. Nulla placeat quo tenetur ut enim. Tempora culpa vitae quo sit est.', 0, '2019-11-08 09:29:12', '2019-11-08 09:29:12'),
(10, 7, 'Maximus Swift', 'Commodi corporis sed necessitatibus esse nobis ut quia ducimus. Saepe temporibus est eligendi beatae accusamus. Consequatur dicta aut laudantium incidunt tempora. Autem rem itaque ut aut aut iure. Enim quam ipsa sit ex.', 2, '2019-11-08 09:29:12', '2019-11-08 09:29:12'),
(11, 19, 'Alta McLaughlin', 'Est voluptatibus in voluptatem porro voluptas vel sint non. Nesciunt aperiam cupiditate laborum doloremque atque inventore excepturi. Est eum corporis ab quia est et commodi.', 2, '2019-11-08 09:29:12', '2019-11-08 09:29:12'),
(12, 10, 'Jeanette Bogan', 'Suscipit temporibus dolore omnis adipisci aut culpa maxime. Iure ut consequatur consequatur. Dicta reiciendis dolore magnam nobis molestiae quia. Sed et deserunt consequatur sit nemo sunt.', 3, '2019-11-08 09:29:12', '2019-11-08 09:29:12'),
(13, 47, 'Freeman Littel', 'Et consequatur et alias rerum illo voluptas. Alias ut enim nihil est ea dolorum earum in. Et eos quae natus et quo quia. Sunt quisquam eius laborum pariatur rerum dicta rem.', 5, '2019-11-08 09:29:12', '2019-11-08 09:29:12'),
(14, 4, 'Dr. Myrl Gleichner', 'Qui commodi similique nesciunt. Consectetur corrupti consequatur optio aliquam cum omnis recusandae. Esse ut saepe et et magnam et.', 4, '2019-11-08 09:29:12', '2019-11-08 09:29:12'),
(15, 12, 'Asha Morissette V', 'Totam voluptas quam ad assumenda maxime voluptatem rerum laudantium. Aut ut a animi incidunt eos praesentium veniam. Rem iste tempore expedita eligendi excepturi recusandae et sint.', 3, '2019-11-08 09:29:12', '2019-11-08 09:29:12'),
(16, 13, 'Clemmie Torp', 'Impedit ipsum ea dolorum quod fuga. Ratione quia sed aut exercitationem. Maxime deleniti consectetur minima aut quia quia et voluptate.', 5, '2019-11-08 09:29:13', '2019-11-08 09:29:13'),
(17, 13, 'Sonya Harris', 'Voluptatum qui doloremque aut occaecati non aliquam nobis. Suscipit pariatur voluptates dolorem. Pariatur assumenda molestias est pariatur.', 2, '2019-11-08 09:29:13', '2019-11-08 09:29:13'),
(18, 18, 'Magali Wisozk', 'Eius a minus hic modi culpa hic non alias. Illum quasi molestiae ullam consequatur vel doloribus neque.', 3, '2019-11-08 09:29:13', '2019-11-08 09:29:13'),
(19, 37, 'Prof. Abdiel Leffler', 'Corporis animi sit quibusdam est dolor et. Vel quia consequatur reprehenderit nulla aut quis qui cum. Quaerat distinctio culpa consequuntur sunt id quas qui.', 1, '2019-11-08 09:29:13', '2019-11-08 09:29:13'),
(20, 15, 'Delta Cormier', 'Quisquam architecto qui consequuntur nesciunt assumenda aperiam rerum. Illo accusamus minima ut ut repellendus repellendus. Eum ipsa nisi maxime earum non est. Cum et minus est voluptate cumque. Maxime quia doloremque maxime corrupti tempore illum similique.', 0, '2019-11-08 09:29:13', '2019-11-08 09:29:13'),
(21, 23, 'Prof. Madisen Dibbert', 'Ratione reprehenderit fugiat officiis. Ut assumenda qui commodi dolores occaecati blanditiis.', 2, '2019-11-08 09:29:13', '2019-11-08 09:29:13'),
(22, 45, 'Olen Lueilwitz', 'Non doloribus repudiandae dolor autem at aliquam odio hic. Quo itaque optio quis aut. Odio vero aut nihil ea. Natus soluta omnis eius eaque expedita commodi.', 5, '2019-11-08 09:29:13', '2019-11-08 09:29:13'),
(23, 17, 'Marge Strosin', 'Nihil nihil unde sunt qui accusantium. Voluptate illo modi maxime quidem tempore nobis provident.', 0, '2019-11-08 09:29:13', '2019-11-08 09:29:13'),
(24, 38, 'Lyla Lebsack II', 'Delectus consectetur voluptate odit ut. Nihil est eum debitis consequuntur qui. Necessitatibus maiores est assumenda voluptatem.', 3, '2019-11-08 09:29:13', '2019-11-08 09:29:13'),
(25, 23, 'Erica Wolff', 'Consectetur sit tempore quam blanditiis ad quam. Ut ullam quia incidunt natus voluptate voluptatem. Delectus accusamus adipisci exercitationem ex qui ea ipsa voluptatibus.', 4, '2019-11-08 09:29:13', '2019-11-08 09:29:13'),
(26, 18, 'Eula Brekke', 'Eum ex nemo asperiores et laborum. Ullam et qui voluptatem voluptatem ea. Reiciendis sit officia veniam quasi sequi esse. Doloremque asperiores suscipit voluptatem commodi quaerat.', 3, '2019-11-08 09:29:13', '2019-11-08 09:29:13'),
(27, 13, 'Jamaal Mohr', 'Sint numquam cumque quae dicta perspiciatis porro praesentium. Itaque deleniti incidunt quo dolores perspiciatis incidunt temporibus. Aut suscipit enim sunt et quos et.', 3, '2019-11-08 09:29:13', '2019-11-08 09:29:13'),
(28, 13, 'Dr. Dewitt Bahringer IV', 'Quas est corporis et dolorum voluptatem enim. Aut itaque reiciendis cupiditate facere deserunt reprehenderit. Facilis quam consectetur qui mollitia facere maiores nihil porro. Fugit dolor aut assumenda cumque.', 2, '2019-11-08 09:29:13', '2019-11-08 09:29:13'),
(29, 19, 'Dr. Addison Fisher Jr.', 'Fugiat expedita architecto et et et. Sunt adipisci voluptate id quia deleniti ab. Pariatur est laboriosam reiciendis sit et similique.', 4, '2019-11-08 09:29:14', '2019-11-08 09:29:14'),
(30, 38, 'Nona Wyman', 'Quibusdam magnam praesentium consequatur incidunt. Et ut possimus voluptatum rerum. Vero laboriosam magnam dolorem adipisci ut.', 1, '2019-11-08 09:29:14', '2019-11-08 09:29:14'),
(31, 34, 'Kaelyn Fadel III', 'Et excepturi enim debitis esse. Officiis corporis quia non est culpa eaque.', 3, '2019-11-08 09:29:14', '2019-11-08 09:29:14'),
(32, 8, 'Dr. Ansley Auer MD', 'Quia odio modi dolorum occaecati eos voluptatem. Nihil eveniet aut nobis blanditiis veritatis. Minima aut sit et doloribus aliquam inventore optio. Perferendis earum laborum nulla velit aspernatur dolor consequatur quos. Ad animi corporis optio ducimus labore sequi aliquid.', 5, '2019-11-08 09:29:14', '2019-11-08 09:29:14'),
(33, 44, 'August Yundt', 'Fugit est velit pariatur. Sapiente voluptatem deserunt voluptas aliquid placeat voluptatibus. Omnis eum corporis hic distinctio tenetur maxime. Sit corporis non odio ut. Velit similique illo consequatur explicabo.', 4, '2019-11-08 09:29:14', '2019-11-08 09:29:14'),
(34, 45, 'Amanda McLaughlin', 'Rerum minus eum necessitatibus qui ducimus. Quia aspernatur voluptas voluptate quia aspernatur provident ipsum. Qui similique id non earum assumenda nihil qui inventore. Et quaerat qui ratione excepturi consequatur veritatis voluptas praesentium.', 3, '2019-11-08 09:29:14', '2019-11-08 09:29:14'),
(35, 32, 'Jermain Rice', 'Dolore natus eius est vel illo. Possimus consequatur eum non. Aspernatur officiis nihil iste perferendis tempore.', 4, '2019-11-08 09:29:14', '2019-11-08 09:29:14'),
(36, 8, 'Betsy Wisoky', 'Vitae ipsa ab ducimus. Praesentium alias nam quia ipsum. Non mollitia omnis necessitatibus.', 3, '2019-11-08 09:29:14', '2019-11-08 09:29:14'),
(37, 33, 'Bria Ratke PhD', 'Aut qui dolorum cumque architecto qui in. Qui sunt in repudiandae ea consectetur quisquam. Beatae labore expedita est temporibus est. Occaecati atque rem exercitationem ducimus recusandae ut.', 4, '2019-11-08 09:29:14', '2019-11-08 09:29:14'),
(38, 33, 'Vivien Ledner', 'Voluptatem quis quod ipsam consequuntur. Et consequatur dolor voluptatem commodi voluptas omnis. Quasi aut enim laborum quia molestiae.', 2, '2019-11-08 09:29:14', '2019-11-08 09:29:14'),
(39, 32, 'Dr. Michelle Schmidt', 'Voluptas facere odio nisi a repellat ab totam quaerat. Sunt adipisci voluptatem quia quod ipsam debitis. Non maiores repellat maxime exercitationem itaque non. Expedita illo laboriosam sit aperiam consequatur accusamus nostrum.', 3, '2019-11-08 09:29:14', '2019-11-08 09:29:14'),
(40, 17, 'Hugh Walsh Jr.', 'Autem eius commodi vel voluptatem et voluptatem. Quo aut autem et illum beatae sapiente repudiandae eos. Sint ut temporibus unde. Omnis atque libero non quisquam.', 3, '2019-11-08 09:29:14', '2019-11-08 09:29:14'),
(41, 34, 'Jessica Kshlerin', 'Non consequatur repellendus quisquam aut ipsa sit. Autem autem recusandae aliquam dolore iusto quos eos. Non in sequi voluptate non architecto dicta. Vel voluptas dolor sunt ut minus ut.', 1, '2019-11-08 09:29:14', '2019-11-08 09:29:14'),
(42, 28, 'Norwood Emard I', 'Doloribus earum aut cupiditate non fuga. Est animi dolores adipisci quo deleniti est nisi. Aut asperiores soluta libero qui.', 5, '2019-11-08 09:29:14', '2019-11-08 09:29:14'),
(43, 25, 'Ephraim Cremin', 'Omnis voluptate eum minima nam aliquam. Sapiente qui atque assumenda. Deserunt aperiam corrupti ut ut delectus omnis similique animi. Fugit minus consequatur ut. Doloribus voluptatem vel quo architecto.', 1, '2019-11-08 09:29:14', '2019-11-08 09:29:14'),
(44, 43, 'Ms. Eve Crist MD', 'Esse velit nemo nobis alias ducimus sunt quae. Id quo consequatur natus quod non. Quaerat fugit architecto vero nihil. Aliquid porro deleniti illo est non.', 1, '2019-11-08 09:29:14', '2019-11-08 09:29:14'),
(45, 50, 'Violette Reilly', 'Fugiat amet explicabo natus impedit pariatur et. Impedit velit sint porro. Harum praesentium dolorem fuga nihil.', 5, '2019-11-08 09:29:14', '2019-11-08 09:29:14'),
(46, 36, 'Dr. Shaniya Schinner Jr.', 'Animi quidem magni fugit rerum quo eius at. At voluptatibus occaecati libero eos in sunt. Autem soluta cupiditate possimus aut eius. Doloribus optio a ea eligendi et sapiente. Aut reiciendis dolore laborum necessitatibus quo.', 0, '2019-11-08 09:29:14', '2019-11-08 09:29:14'),
(47, 46, 'Stan Kreiger', 'Ea quo quia temporibus. Sunt et soluta enim maxime quaerat eum inventore. Aut temporibus voluptatem in ut nihil. Sed atque voluptas enim inventore aut dolores. Repudiandae itaque deserunt nostrum qui nobis debitis.', 3, '2019-11-08 09:29:15', '2019-11-08 09:29:15'),
(48, 23, 'Prof. Lucio Weimann PhD', 'Est quis tenetur quos incidunt a. Enim voluptas rem doloremque earum cum. Velit quia qui et quis ab in. Rem ullam sit quia eum ut mollitia molestiae.', 5, '2019-11-08 09:29:15', '2019-11-08 09:29:15'),
(49, 23, 'Clint Becker', 'Et ut alias laboriosam optio minima consequatur cupiditate aperiam. Occaecati in voluptatem rem quia aut. Nam ullam nobis vel perferendis et ducimus. Voluptates repellat et dolorem veritatis expedita exercitationem.', 1, '2019-11-08 09:29:15', '2019-11-08 09:29:15'),
(50, 33, 'Lempi Rau', 'Dolores eaque labore ea optio. Adipisci eius magni similique harum ut eius autem. Alias assumenda quos molestias et. Et cupiditate et consequatur deleniti. Accusamus facilis aut itaque assumenda in.', 2, '2019-11-08 09:29:15', '2019-11-08 09:29:15'),
(51, 2, 'Prof. Lorna Schaden V', 'Sit et ipsum illo facere quas. Voluptas fugiat aliquam dolorem. Praesentium voluptatibus quisquam iure deleniti adipisci. Soluta sit incidunt et aut rerum amet.', 3, '2019-11-08 09:29:15', '2019-11-08 09:29:15'),
(52, 9, 'Johanna Pfannerstill', 'Consequuntur voluptas quos ratione sit voluptates. Iure sed fuga iure qui deserunt dolor quidem rem. Reprehenderit cum repellat quod dolor vitae qui.', 2, '2019-11-08 09:29:15', '2019-11-08 09:29:15'),
(53, 4, 'Lawson Daniel', 'Et repellat voluptatum omnis fugit pariatur consequuntur. Beatae ipsa deleniti ipsum iusto est maiores. Ea et est quasi quia et.', 3, '2019-11-08 09:29:15', '2019-11-08 09:29:15'),
(54, 19, 'Florence Lubowitz', 'Eum tempore ad voluptatibus et vero voluptatum ipsa. Enim esse aspernatur incidunt culpa nisi qui. Deleniti qui qui quis accusantium aut autem temporibus.', 4, '2019-11-08 09:29:15', '2019-11-08 09:29:15'),
(55, 32, 'Prof. Norene Funk', 'Distinctio minima accusantium quia deserunt. Accusantium dolor recusandae vitae deserunt. Voluptas consequuntur omnis rerum voluptatem.', 2, '2019-11-08 09:29:15', '2019-11-08 09:29:15'),
(56, 36, 'Eda Hartmann', 'Et atque officia nisi ut non. Ducimus unde omnis facere eos dolor maiores magni in. Autem suscipit saepe ipsum consectetur praesentium incidunt expedita. Odit ex beatae eos. Officia neque nobis id consequuntur qui quaerat atque.', 4, '2019-11-08 09:29:15', '2019-11-08 09:29:15'),
(57, 34, 'Ines Pollich', 'Optio in voluptas dignissimos. Natus ipsum voluptatum modi voluptatem corrupti. Pariatur sed deserunt velit expedita rerum consequatur illum.', 3, '2019-11-08 09:29:15', '2019-11-08 09:29:15'),
(58, 8, 'Dr. Cody Feest Jr.', 'Et error asperiores iure in fuga non explicabo. Voluptatem porro veritatis non. Debitis aut quod illum et et ipsa saepe eius. Hic tempora non repellendus nihil.', 2, '2019-11-08 09:29:15', '2019-11-08 09:29:15'),
(59, 11, 'Brisa West', 'Eos quia consequatur animi sint. Quod ut voluptatem ut aut doloremque. Est ut quos odit cupiditate eos vel consequatur. Quaerat velit possimus quisquam ut magni ut ut enim.', 0, '2019-11-08 09:29:15', '2019-11-08 09:29:15'),
(60, 35, 'Prof. Jovan Hauck IV', 'Recusandae qui velit expedita possimus dolorum eos earum omnis. Ea dolorum praesentium sint. Perspiciatis ad sit qui voluptas deleniti impedit. Dicta explicabo ut molestiae. Ut omnis error et tempore eum.', 3, '2019-11-08 09:29:15', '2019-11-08 09:29:15'),
(61, 40, 'Landen Schmeler', 'Quasi sunt natus non similique enim et facilis. Voluptatum libero voluptas et rerum. Voluptate modi perspiciatis adipisci nostrum explicabo voluptas. Dolor iure impedit corrupti illum et ipsa et.', 0, '2019-11-08 09:29:15', '2019-11-08 09:29:15'),
(62, 3, 'Clemens Will', 'Voluptatem expedita sunt ea asperiores est omnis et voluptate. Eius ex ipsam at quas blanditiis quis deleniti voluptate. Quis dolore voluptatem cupiditate quae alias eos. Doloremque numquam at modi doloremque ipsa nihil.', 5, '2019-11-08 09:29:15', '2019-11-08 09:29:15'),
(63, 9, 'Miss Sheila Armstrong', 'Est impedit ab labore tenetur ullam voluptatibus. Dolor et debitis distinctio. Quibusdam laborum recusandae quibusdam.', 1, '2019-11-08 09:29:15', '2019-11-08 09:29:15'),
(64, 34, 'Itzel Hettinger', 'Reiciendis dolorem veniam rerum ut dolor qui quis. Molestias cupiditate et id quis debitis unde. Nesciunt et laborum consequatur vitae et. Blanditiis ab neque iure ratione reprehenderit.', 0, '2019-11-08 09:29:15', '2019-11-08 09:29:15'),
(65, 33, 'Kyleigh Raynor', 'Sequi fugiat perspiciatis laudantium eius quas aut molestiae. Quibusdam aut dicta qui facere illum. Et aperiam ipsa nemo suscipit nemo sit. Autem quidem ut illum autem et.', 5, '2019-11-08 09:29:15', '2019-11-08 09:29:15'),
(66, 49, 'Genevieve Treutel', 'Veritatis excepturi provident nulla quam. Incidunt iusto et asperiores eos culpa. Quos iste quia corrupti. Est pariatur numquam tenetur ipsum sit provident nemo sed.', 0, '2019-11-08 09:29:15', '2019-11-08 09:29:15'),
(67, 15, 'Jacynthe Barrows DVM', 'Iusto quo veniam sed est. Quaerat fugiat fugit quos unde quidem eaque eos voluptate. Officia sed eos tempore minus alias magni. Itaque explicabo sequi optio labore quis voluptas iusto.', 0, '2019-11-08 09:29:16', '2019-11-08 09:29:16'),
(68, 43, 'Paula Ward', 'Error laborum est quia et culpa. Tempora voluptas consequatur optio.', 0, '2019-11-08 09:29:16', '2019-11-08 09:29:16'),
(69, 35, 'Mertie Senger', 'Veniam officia fugiat aut voluptas consequuntur officiis sed. Ut veritatis assumenda occaecati voluptas dolore. Et ipsam reprehenderit reiciendis itaque quis aut eius. Voluptatem nihil hic non necessitatibus non beatae eum.', 3, '2019-11-08 09:29:16', '2019-11-08 09:29:16'),
(70, 50, 'Dedric Feest', 'Porro non ducimus facilis sit qui odit mollitia. Veniam dolorem atque excepturi dolor quia sint. Animi nihil doloribus quibusdam ea.', 2, '2019-11-08 09:29:16', '2019-11-08 09:29:16'),
(71, 29, 'Dr. Veronica Morissette Sr.', 'Sint eos inventore et inventore totam. Distinctio saepe ad est dolores sunt. Expedita minima sint quia dolor porro ut minus. Ea voluptatem rerum quisquam ut. Dolorum asperiores expedita laudantium optio soluta.', 5, '2019-11-08 09:29:16', '2019-11-08 09:29:16'),
(72, 8, 'Mr. Kenton Feil', 'Vel at suscipit iste quis rem. Doloremque tenetur delectus modi et harum. Cum magnam accusantium eum ut non quod. Incidunt ut error sit reiciendis minima quia est.', 3, '2019-11-08 09:29:16', '2019-11-08 09:29:16'),
(73, 32, 'Raina Rau', 'Id numquam asperiores nemo et voluptate quia error. Occaecati eum quaerat velit saepe excepturi cum natus. Et quae iste dolores sunt. In ea nisi corrupti a praesentium.', 0, '2019-11-08 09:29:16', '2019-11-08 09:29:16'),
(74, 6, 'Antonette Kuhic', 'Ea repudiandae id accusamus voluptatem quaerat animi voluptatem nisi. Suscipit natus laborum iste eos fuga molestias id. Laboriosam quia ex nihil et.', 0, '2019-11-08 09:29:16', '2019-11-08 09:29:16'),
(75, 27, 'Prof. Rupert Robel', 'Quis placeat eligendi tempore alias ut. Et occaecati et libero corporis quia est. Quia at est ut odit nihil nihil eaque provident. Nam dicta veritatis deleniti sint et.', 3, '2019-11-08 09:29:16', '2019-11-08 09:29:16'),
(76, 30, 'Gregorio Hodkiewicz', 'Quas consequatur consequuntur inventore. Quos magnam deleniti necessitatibus aut rerum consequatur. Velit ut ea et officiis accusamus provident. Officiis distinctio magni dolorem aut.', 1, '2019-11-08 09:29:16', '2019-11-08 09:29:16'),
(77, 49, 'Jackson Lemke DDS', 'Natus distinctio et voluptates ut. Id est et laboriosam fugit sed nostrum. Quae laboriosam amet voluptatum qui nemo ut. Eos quam debitis libero. Non maxime assumenda et libero sit optio.', 4, '2019-11-08 09:29:16', '2019-11-08 09:29:16'),
(78, 41, 'Austin O\'Reilly', 'Error natus facere recusandae fugiat sit incidunt est praesentium. Omnis itaque quos dolor laboriosam eveniet tempora. In ipsum reprehenderit at sed laborum. Aperiam eveniet magnam voluptas dolores mollitia tempora animi est. Aut odio officia sunt minima.', 2, '2019-11-08 09:29:16', '2019-11-08 09:29:16'),
(79, 34, 'Prof. Ardella Simonis', 'Dignissimos odio reprehenderit minus enim doloremque. Recusandae quia iste enim velit et sit. Omnis a maiores porro cum.', 1, '2019-11-08 09:29:16', '2019-11-08 09:29:16'),
(80, 19, 'Lelia Daugherty', 'Enim explicabo eveniet nemo sit et commodi fugiat. Neque illo laudantium nulla eaque. Voluptatem consequatur dolore necessitatibus eum distinctio.', 0, '2019-11-08 09:29:16', '2019-11-08 09:29:16'),
(81, 39, 'Mr. Cristina Greenholt MD', 'Ea et et dolores ratione. Inventore nobis voluptatem unde similique voluptates commodi officia quasi.', 5, '2019-11-08 09:29:17', '2019-11-08 09:29:17'),
(82, 40, 'Augustus Beer', 'Perspiciatis praesentium sapiente officiis praesentium tempora. Beatae aut itaque dolores reiciendis excepturi rerum excepturi.', 2, '2019-11-08 09:29:17', '2019-11-08 09:29:17'),
(83, 9, 'Dominic Padberg PhD', 'Officia eius et at iste eius dolor veritatis enim. Laboriosam tempora sed non tempore sit. Illo placeat ut qui aut.', 4, '2019-11-08 09:29:17', '2019-11-08 09:29:17'),
(84, 21, 'Libby Hills', 'Delectus veritatis minus rerum totam. Tenetur ducimus consequuntur ea a quibusdam debitis. Voluptatibus corrupti doloribus molestiae qui pariatur non.', 0, '2019-11-08 09:29:17', '2019-11-08 09:29:17'),
(85, 25, 'Sim Durgan', 'Eos consequuntur accusantium quo. Ut praesentium itaque neque sequi et. Minus cum qui dolores aut eveniet quis voluptatibus.', 4, '2019-11-08 09:29:17', '2019-11-08 09:29:17'),
(86, 6, 'Berneice Treutel', 'Dolores ex quae ab aut autem culpa. Vero deleniti laborum vel odit quos aut at. Sapiente iste praesentium quia in ut quos placeat. Doloribus eveniet hic debitis repudiandae.', 4, '2019-11-08 09:29:17', '2019-11-08 09:29:17'),
(87, 45, 'Meghan Weissnat', 'Eaque ratione expedita dolore et libero minima necessitatibus. Magni odit perspiciatis ipsa magni. Quo eligendi recusandae impedit dolor at. Est deleniti consectetur cumque qui.', 4, '2019-11-08 09:29:17', '2019-11-08 09:29:17'),
(88, 30, 'Michel Breitenberg', 'Sint fugit illum qui eligendi ut quam vero. Sed eos suscipit sed quaerat molestiae. Distinctio tenetur nobis esse quia voluptas rerum dolores. Quam corporis et molestiae velit eos eos.', 5, '2019-11-08 09:29:17', '2019-11-08 09:29:17'),
(89, 7, 'Delmer Altenwerth', 'Sint culpa accusantium non. Sit perferendis non dicta asperiores fugiat et. Et consequatur rerum iusto dolorum.', 4, '2019-11-08 09:29:17', '2019-11-08 09:29:17'),
(90, 5, 'Dr. Rowena Block Sr.', 'Et qui soluta voluptatum ut sunt blanditiis itaque. Dolores repellat totam ratione est ut a vel. Dolor aliquam inventore optio adipisci. At ut illum similique aliquam rerum modi.', 4, '2019-11-08 09:29:17', '2019-11-08 09:29:17'),
(91, 8, 'Ms. Bernadine Kshlerin', 'Iste placeat unde aspernatur. Dolorem iure cupiditate omnis aut molestiae et id expedita.', 2, '2019-11-08 09:29:17', '2019-11-08 09:29:17'),
(92, 31, 'Ms. Mittie Conroy DVM', 'Quae placeat vel vitae vitae vero voluptatem odit dolorem. Vel iste assumenda quia corporis. Totam dignissimos veniam aut doloribus. Voluptas aut dolor corporis velit quisquam labore pariatur.', 0, '2019-11-08 09:29:17', '2019-11-08 09:29:17'),
(93, 46, 'Johnathon Kerluke', 'Recusandae hic consequatur est unde. Et quo saepe dolores quasi occaecati sit ut tenetur. Consequatur quasi culpa autem est est.', 0, '2019-11-08 09:29:17', '2019-11-08 09:29:17'),
(94, 23, 'Lincoln Bauch', 'Sapiente aliquid cupiditate atque qui aut. Dolor rerum voluptates nihil eligendi. Suscipit officiis facilis in debitis. Debitis aut expedita nulla voluptatem sapiente enim.', 2, '2019-11-08 09:29:17', '2019-11-08 09:29:17'),
(95, 34, 'Yasmine Nienow', 'Quibusdam sint iste sequi eaque rem eaque qui. Temporibus tempora odit sint repudiandae laudantium aut. Ut modi eligendi nam est. Nobis tempore consequuntur culpa et error voluptas.', 1, '2019-11-08 09:29:17', '2019-11-08 09:29:17'),
(96, 29, 'Troy Schaefer', 'Saepe voluptatem enim reprehenderit omnis reiciendis aperiam odit. Facilis quia hic voluptates et incidunt assumenda aspernatur vel. Tempora perferendis facilis consequuntur quia minus provident voluptas. Pariatur ut sint aut ut ex.', 4, '2019-11-08 09:29:17', '2019-11-08 09:29:17'),
(97, 32, 'Salvador Hane', 'Ipsum corporis tempora aut. Non voluptate omnis amet sunt quidem sequi est. Harum quia voluptas officia eaque repellat dolorem architecto.', 4, '2019-11-08 09:29:17', '2019-11-08 09:29:17'),
(98, 29, 'Dr. Neil Predovic', 'Dolorum quae ut laboriosam eius. Quos eligendi molestias est animi nihil rem quos modi. Perferendis commodi sit rerum. Totam et et expedita et. Minus id rerum totam repudiandae mollitia assumenda ea.', 5, '2019-11-08 09:29:17', '2019-11-08 09:29:17'),
(99, 30, 'Alexys Hyatt', 'Quasi quibusdam et dolorum reiciendis architecto est. Non repudiandae incidunt dolorum mollitia commodi. Ipsum consequatur illum explicabo dicta. Aspernatur minus est quisquam inventore deserunt. Quisquam quisquam omnis aut tempore omnis.', 2, '2019-11-08 09:29:18', '2019-11-08 09:29:18'),
(100, 50, 'Kiara Daniel', 'Quia in libero illum magnam nihil et quia. Laborum quidem consequatur enim omnis autem. Ut tempora a nostrum sit iusto qui fugit. Illum consequuntur aut et.', 2, '2019-11-08 09:29:18', '2019-11-08 09:29:18'),
(101, 8, 'Andres Rohan', 'Ut qui omnis iste et. Vitae id et quibusdam sit quas quidem aut. Sunt distinctio voluptas est temporibus rem magni eum reiciendis. Et quibusdam eum nesciunt et ut debitis rerum.', 5, '2019-11-08 09:29:18', '2019-11-08 09:29:18'),
(102, 41, 'Ms. Beryl Volkman', 'Quaerat et dicta perspiciatis non et impedit quasi recusandae. Nesciunt sunt nobis ullam est. Aut voluptate aut nihil est facere repellat. Voluptate id animi placeat eos quas ea eum aliquid.', 4, '2019-11-08 09:29:18', '2019-11-08 09:29:18'),
(103, 12, 'Dr. Belle Bauch DDS', 'Non autem itaque aut. Recusandae nostrum qui dicta quasi voluptatem maxime. Id ipsa qui vero soluta officia consectetur. Consequatur consectetur commodi sequi beatae quo quo.', 5, '2019-11-08 09:29:18', '2019-11-08 09:29:18'),
(104, 24, 'Terence Lang', 'Eius impedit magnam quo omnis enim unde corrupti. Voluptatem eius ea et minima. Et earum reprehenderit doloribus quis rerum nisi autem. Eius perferendis quae adipisci consequatur consequatur sint.', 4, '2019-11-08 09:29:18', '2019-11-08 09:29:18'),
(105, 48, 'Dr. Judah Maggio MD', 'Cumque totam et fugiat quia dolores minus non. Quod molestiae possimus sequi qui. Voluptatem sunt qui nihil architecto quia nisi.', 1, '2019-11-08 09:29:18', '2019-11-08 09:29:18'),
(106, 25, 'Giles Hickle', 'Repellendus quo veniam voluptas eum. Voluptas dolore cum debitis qui. Nobis architecto itaque itaque ut.', 1, '2019-11-08 09:29:18', '2019-11-08 09:29:18'),
(107, 11, 'Prof. Myrna Little', 'Temporibus dolor sunt aut qui consequatur. Itaque expedita qui voluptas nulla laudantium. Iste delectus sunt dolor eligendi iusto eos.', 3, '2019-11-08 09:29:18', '2019-11-08 09:29:18'),
(108, 40, 'Virgie Hyatt', 'Est eveniet velit libero id. In fugit incidunt et animi rerum unde. Rerum magnam asperiores nemo libero. At qui eos aut autem aut.', 2, '2019-11-08 09:29:18', '2019-11-08 09:29:18'),
(109, 18, 'Miss Deanna Jakubowski', 'Et odio inventore sint eos enim molestias nemo. Aut velit eligendi consequuntur beatae qui non nemo voluptas. Perferendis totam consequuntur eligendi temporibus eos aut omnis id. Cumque quis a soluta sed expedita. Enim atque quisquam enim tempore deleniti et.', 5, '2019-11-08 09:29:18', '2019-11-08 09:29:18'),
(110, 39, 'Naomie Kutch', 'Vero sit soluta est et. Sed enim repellat facere minus voluptatem. Velit corrupti iure itaque rerum nesciunt qui exercitationem totam.', 0, '2019-11-08 09:29:18', '2019-11-08 09:29:18'),
(111, 8, 'Susanna Gulgowski', 'Est dignissimos sunt quisquam aut. Deserunt sed omnis et quam nesciunt distinctio. Et qui placeat quia inventore. Nostrum laboriosam enim cum.', 2, '2019-11-08 09:29:18', '2019-11-08 09:29:18'),
(112, 3, 'Dianna Terry', 'Aut et provident qui nobis quo. Provident voluptatem ducimus architecto ab nihil id delectus. Doloribus est possimus quia voluptatem.', 0, '2019-11-08 09:29:18', '2019-11-08 09:29:18'),
(113, 49, 'Joanny Goodwin', 'Eos qui in magnam possimus. Velit excepturi occaecati maxime modi quaerat ut quod. Dolorem corporis ut et impedit minima.', 3, '2019-11-08 09:29:18', '2019-11-08 09:29:18'),
(114, 6, 'Krystal Reinger', 'Molestiae pariatur voluptas nobis eius iste quis. Ratione quos sint enim laboriosam. Voluptates consequatur alias nam eaque.', 2, '2019-11-08 09:29:18', '2019-11-08 09:29:18'),
(115, 42, 'Augustus Goodwin', 'Enim veniam rem veritatis et incidunt possimus iste ratione. Pariatur quia aliquid ipsa optio veniam. Vel et quia quia est suscipit molestias.', 1, '2019-11-08 09:29:18', '2019-11-08 09:29:18'),
(116, 13, 'Breanna Bernier III', 'Omnis veniam veniam dicta et aliquam. Et saepe animi nisi et eligendi perferendis ducimus. Totam veritatis minima neque quae voluptate saepe corporis. Aut dolor harum maiores assumenda consequatur nemo recusandae. Rerum expedita qui quo maxime eligendi et ut.', 1, '2019-11-08 09:29:18', '2019-11-08 09:29:18'),
(117, 19, 'Mr. Russell Gaylord IV', 'Et illo quo illum excepturi et. Vel ut suscipit reprehenderit odio reprehenderit et. Aliquid nam dolorum facere labore nobis dolorem. Quam voluptas repudiandae vero expedita.', 3, '2019-11-08 09:29:18', '2019-11-08 09:29:18'),
(118, 11, 'Tate Ziemann', 'Harum beatae dolorum aut laudantium autem. Quidem rerum sit voluptatem. Ut earum nisi fuga voluptates atque. Ea in rerum nihil excepturi et aut.', 5, '2019-11-08 09:29:18', '2019-11-08 09:29:18'),
(119, 13, 'Mrs. Andreanne Hill', 'Vel sit vel maiores voluptatem ut. Necessitatibus quia aliquid labore tenetur officia sapiente hic. Quis ab consectetur quo facilis. Sint voluptas est odit et ullam provident eum. Qui veritatis accusantium veniam est eaque repellendus beatae et.', 4, '2019-11-08 09:29:18', '2019-11-08 09:29:18'),
(120, 49, 'Susanna Ritchie', 'Corporis numquam itaque nam doloremque dolorem ut. Dolorum earum dolorem non voluptatibus omnis. In molestias et velit nisi nihil. Omnis suscipit ea maxime maxime est cumque culpa.', 3, '2019-11-08 09:29:18', '2019-11-08 09:29:18'),
(121, 2, 'Maud Wyman I', 'Ea optio nisi molestiae vel quia voluptas. Fugit fugiat dolorem omnis tempora. Dignissimos voluptatem et nisi asperiores rerum aut.', 3, '2019-11-08 09:29:19', '2019-11-08 09:29:19'),
(122, 4, 'Horace Bartell', 'Cupiditate veritatis molestiae incidunt quos aut eaque ratione. Tempora facere quibusdam sunt est voluptatibus quisquam. Ut illo quidem deleniti quis placeat dolorem et. In minus cum error omnis in sequi asperiores.', 1, '2019-11-08 09:29:19', '2019-11-08 09:29:19'),
(123, 17, 'Mr. Judge Schaden Jr.', 'Ab debitis enim id omnis. Reiciendis quidem consequatur dolor laboriosam sunt aliquam eligendi.', 4, '2019-11-08 09:29:19', '2019-11-08 09:29:19'),
(124, 28, 'Abdullah Terry', 'Sint aut consequatur at sunt et aperiam iure. Eius eum laborum ipsum nisi nemo rerum pariatur. Assumenda consequatur quaerat aperiam hic quos.', 5, '2019-11-08 09:29:19', '2019-11-08 09:29:19'),
(125, 28, 'Mustafa Ortiz', 'Dolore ullam saepe reprehenderit voluptatibus aperiam reprehenderit. Sed quia et error inventore. Libero dolorem quibusdam molestiae repellendus est. Doloribus voluptatem iste placeat.', 4, '2019-11-08 09:29:19', '2019-11-08 09:29:19'),
(126, 30, 'Cooper Boyer', 'Odit doloremque sunt deserunt est vel nemo dolores. Enim hic molestiae nulla fugit aut animi. Et cupiditate autem dolor. Possimus autem sed molestiae libero animi.', 5, '2019-11-08 09:29:19', '2019-11-08 09:29:19'),
(127, 8, 'Geraldine Gorczany', 'Eum dolorem libero saepe et est non qui. Omnis et ut aut totam ducimus officiis temporibus. Corporis totam ea a officiis ipsum et.', 2, '2019-11-08 09:29:19', '2019-11-08 09:29:19'),
(128, 29, 'Wyatt Marvin III', 'Corrupti nulla et harum quia aliquam. Labore id et beatae quibusdam. Quidem rerum repellat nemo minima aliquid delectus nihil. Beatae et praesentium illo dolorem temporibus mollitia quisquam.', 4, '2019-11-08 09:29:19', '2019-11-08 09:29:19'),
(129, 20, 'Ryley Schaden', 'Aut ut facilis voluptas accusantium. In voluptates cum eos eaque. Et excepturi illo laboriosam aut accusamus sunt est hic.', 0, '2019-11-08 09:29:19', '2019-11-08 09:29:19'),
(130, 3, 'Brenda West', 'Ea rerum velit illum fugit laborum. Nam dolorem qui voluptates qui et et et quisquam. Eos quasi quia quia asperiores neque aut quam.', 3, '2019-11-08 09:29:19', '2019-11-08 09:29:19'),
(131, 15, 'Jacklyn Crist', 'Atque et eum et aut ipsum magni. Aut sed expedita quas unde. Et doloribus non consequatur at maiores sapiente temporibus.', 4, '2019-11-08 09:29:19', '2019-11-08 09:29:19'),
(132, 39, 'Freeman Farrell', 'Provident eligendi voluptas voluptatibus assumenda sit nulla. Delectus sapiente sequi odio. Maxime voluptates perspiciatis ut ipsam.', 1, '2019-11-08 09:29:19', '2019-11-08 09:29:19'),
(133, 13, 'London Hettinger', 'Vel distinctio voluptas ut vel eveniet ut. Ut consectetur aut dolorem. Magni quasi similique qui. Eveniet eius quae odio aliquid dolores.', 2, '2019-11-08 09:29:19', '2019-11-08 09:29:19'),
(134, 6, 'Roberto Fisher', 'Voluptas commodi nisi ut. Tempore veniam sit quia doloremque eos a. Laborum dolorem magnam dolorem debitis neque. Eaque cupiditate impedit non.', 3, '2019-11-08 09:29:19', '2019-11-08 09:29:19'),
(135, 22, 'Dr. Elyssa Sauer MD', 'Laudantium voluptatem exercitationem inventore. Ullam ex ullam corrupti sit ut.', 0, '2019-11-08 09:29:19', '2019-11-08 09:29:19'),
(136, 25, 'Lela Kunde', 'Suscipit qui quaerat et beatae ea hic in. Est maxime est rerum est et et. Perferendis quo soluta qui qui. Est magni qui veritatis aut dignissimos.', 0, '2019-11-08 09:29:19', '2019-11-08 09:29:19'),
(137, 41, 'Steve Hane', 'Et sed tempore sint omnis officiis. Quasi debitis repudiandae quia ducimus facilis consequatur. Ullam earum consequatur laboriosam atque ipsum et qui. Quae sit quasi dolores praesentium.', 3, '2019-11-08 09:29:19', '2019-11-08 09:29:19'),
(138, 40, 'Felicity Murphy', 'Dolores accusantium minus officia quia. Sint consequatur blanditiis nihil totam. Quo animi quos temporibus est voluptatem quia. Odit aperiam ut laudantium.', 5, '2019-11-08 09:29:19', '2019-11-08 09:29:19'),
(139, 17, 'Abigale West', 'Non voluptatibus sit ipsum eum aut. Architecto et nam et nostrum nemo repellendus.', 1, '2019-11-08 09:29:19', '2019-11-08 09:29:19'),
(140, 11, 'Dameon Beahan', 'Dolor aut et aut sint consequatur veniam. Cupiditate voluptas quis ratione qui nihil enim voluptatibus. Velit quod maiores quia ut neque rerum.', 0, '2019-11-08 09:29:19', '2019-11-08 09:29:19'),
(141, 30, 'Kaycee Emmerich', 'Et ex dolores consectetur aut velit sunt. Incidunt soluta odit nostrum occaecati magni. Et aut ut pariatur est dolores dicta. Sed cupiditate tenetur autem sit dolorem quia consectetur autem.', 5, '2019-11-08 09:29:19', '2019-11-08 09:29:19'),
(142, 16, 'Ms. Alysha Schmitt III', 'Non commodi quis occaecati quasi dolorem occaecati. Exercitationem enim quos dolore aut molestiae rerum. Voluptatem ut consequatur qui illum vitae sunt.', 3, '2019-11-08 09:29:19', '2019-11-08 09:29:19'),
(143, 39, 'Ms. Josephine Upton', 'Enim ut recusandae voluptatem recusandae. Voluptatem laudantium ipsa explicabo voluptates. Voluptatem voluptas dolorem ut qui qui perferendis.', 1, '2019-11-08 09:29:19', '2019-11-08 09:29:19'),
(144, 32, 'Prof. Lucie Flatley DVM', 'Iste ducimus porro reiciendis culpa eos quia. Incidunt sequi earum non aliquam ut. Alias ut odio ullam voluptas aut sapiente sunt.', 4, '2019-11-08 09:29:20', '2019-11-08 09:29:20'),
(145, 18, 'Max Vandervort', 'Sequi enim doloremque facilis laudantium voluptatem quia. Et maiores eos eos corporis maiores alias. Id numquam explicabo quisquam et autem et eaque quasi.', 2, '2019-11-08 09:29:20', '2019-11-08 09:29:20'),
(146, 13, 'Barton Ortiz', 'Et aut quod ut quaerat nulla dolores. Modi dolore debitis delectus quae ipsum enim. Sunt qui quasi totam eos mollitia consequatur ut. Nam ex quo sit recusandae. Voluptas officiis quos dolores consequatur voluptatem porro fugit.', 3, '2019-11-08 09:29:20', '2019-11-08 09:29:20'),
(147, 36, 'Anahi Becker II', 'Sequi cumque praesentium nihil quae officiis. Natus eum esse odio sapiente aliquam ducimus aspernatur. Aut corrupti et ex esse ut ad.', 0, '2019-11-08 09:29:20', '2019-11-08 09:29:20'),
(148, 21, 'Dr. Carissa Gibson', 'Eius molestias qui perspiciatis iure. Aut est velit qui sit non voluptatem ratione. Doloribus ducimus voluptas non aliquid qui provident qui. Quo quo architecto commodi deserunt veritatis et.', 0, '2019-11-08 09:29:20', '2019-11-08 09:29:20'),
(149, 4, 'Kyla Gutkowski', 'Odit nemo qui eveniet ut in. Cumque adipisci velit rerum. Voluptatibus iusto at laborum earum in.', 1, '2019-11-08 09:29:20', '2019-11-08 09:29:20'),
(150, 22, 'Miss Maryse Klein I', 'Hic ut corrupti laudantium sit iure enim. Veniam asperiores earum adipisci ratione blanditiis maiores id. Laudantium dolore accusamus in voluptatem. Delectus provident quos nulla nulla commodi deleniti.', 3, '2019-11-08 09:29:20', '2019-11-08 09:29:20'),
(151, 38, 'Dr. Khalil Nader DDS', 'Eligendi placeat deserunt eaque suscipit et atque. In et quae vel consectetur asperiores et. Deleniti blanditiis excepturi quisquam voluptas. Ratione est dicta iste.', 5, '2019-11-08 09:29:20', '2019-11-08 09:29:20'),
(152, 19, 'Abe Erdman', 'Placeat quos et sed ad saepe. Ut necessitatibus ducimus consequatur libero nihil sunt distinctio. Harum aut quia et. Ratione quis eveniet omnis.', 3, '2019-11-08 09:29:20', '2019-11-08 09:29:20'),
(153, 34, 'Emily Wilkinson Jr.', 'Odit harum magni error autem non. Est omnis maxime unde est nihil sunt libero modi. Suscipit sed ea aspernatur occaecati fugit. Id rerum nesciunt reprehenderit voluptatem.', 3, '2019-11-08 09:29:20', '2019-11-08 09:29:20'),
(154, 11, 'Manuela Nikolaus', 'Harum quia sit aspernatur et adipisci unde fugit voluptates. Cum eos itaque et repudiandae et doloremque ut. Velit veniam ut ut maiores.', 2, '2019-11-08 09:29:20', '2019-11-08 09:29:20'),
(155, 1, 'Taylor Kuhn', 'Autem quia accusantium fugiat voluptatem quia. Id pariatur enim quis error iure nostrum. Itaque sunt optio sint et.', 5, '2019-11-08 09:29:20', '2019-11-08 09:29:20'),
(156, 47, 'Prof. Ana Bernier', 'Vero est natus dolor labore eum ut et dolores. Debitis dolores reprehenderit in minima asperiores. Eaque eaque minima sunt veniam et. Sunt eaque consequatur enim distinctio. Voluptas repellat voluptatum dolor id qui.', 1, '2019-11-08 09:29:20', '2019-11-08 09:29:20'),
(157, 43, 'Myrtie Koch', 'Possimus aspernatur consequuntur ipsum dicta. Dolorem similique consectetur aut rem earum quae error necessitatibus. Hic eveniet vitae voluptas minus fugit sed quod. Voluptatem accusamus consequatur voluptatem itaque vitae.', 1, '2019-11-08 09:29:20', '2019-11-08 09:29:20'),
(158, 26, 'Mrs. Nikki Cremin', 'Odio voluptatem quos repudiandae consequatur rerum accusamus. Quidem deleniti et ut aut quo vel.', 0, '2019-11-08 09:29:20', '2019-11-08 09:29:20'),
(159, 47, 'Miss Lilian Murazik', 'Accusamus qui doloremque saepe saepe eaque modi sapiente tenetur. Dignissimos quidem sit quia quas et. Illo dicta dolores et nisi dolores unde ab.', 2, '2019-11-08 09:29:20', '2019-11-08 09:29:20'),
(160, 32, 'Clyde Rice', 'Id laudantium voluptas placeat quo quisquam et. Optio dolorem sit aliquam saepe est alias quasi. Ut cum fugit repudiandae. Animi ipsa beatae dolore minima veniam veniam.', 0, '2019-11-08 09:29:20', '2019-11-08 09:29:20'),
(161, 41, 'Miss Kenna Lesch MD', 'Aut provident quae non a. Impedit voluptates maxime dicta molestias doloribus laborum nam. Error et voluptatem labore nobis aliquid consectetur. Non voluptas est voluptatum non earum.', 4, '2019-11-08 09:29:20', '2019-11-08 09:29:20'),
(162, 15, 'Sid Kautzer', 'Quo aut numquam rerum quia itaque maiores nulla ab. Cupiditate quae dolor rerum amet eos blanditiis. Magnam iure pariatur magnam minima omnis. Nihil est hic quia ducimus.', 5, '2019-11-08 09:29:20', '2019-11-08 09:29:20'),
(163, 9, 'Roma Konopelski', 'Ab animi rem at aut reprehenderit maxime. Quos illum asperiores dolores velit rerum nobis. Ducimus quia ullam fugit quo eum. Aliquid nesciunt nisi neque accusamus.', 2, '2019-11-08 09:29:20', '2019-11-08 09:29:20'),
(164, 35, 'Mr. Dave Kohler', 'Alias laudantium impedit aut magnam. Quia magnam aperiam ipsa cumque architecto. Perspiciatis delectus sunt distinctio totam reprehenderit quo. Quo quia eos eos enim non alias totam.', 3, '2019-11-08 09:29:20', '2019-11-08 09:29:20'),
(165, 11, 'Waino Cartwright', 'Et modi incidunt mollitia odio qui. Sunt sit ratione nihil facilis. Quia quis quae ex velit veritatis. Libero laudantium ad vero.', 5, '2019-11-08 09:29:20', '2019-11-08 09:29:20'),
(166, 17, 'Dr. Margie Bode', 'Et ipsum quia aliquam ex veritatis dolorem pariatur. Aut ab consequuntur rerum amet numquam perferendis tempore. Fuga deserunt autem temporibus deleniti nulla.', 1, '2019-11-08 09:29:20', '2019-11-08 09:29:20'),
(167, 34, 'Mrs. Arianna Hessel', 'Saepe et et tempore et vel explicabo. Rem qui velit aut quia voluptatem. Facilis nihil voluptate repellendus. Voluptatem consequatur hic voluptatem alias quas ratione explicabo.', 5, '2019-11-08 09:29:20', '2019-11-08 09:29:20'),
(168, 16, 'Dolores Shanahan Sr.', 'Possimus animi blanditiis eaque ex amet saepe mollitia ex. Eius asperiores sed tempora ipsa. Sequi ad aut eos.', 5, '2019-11-08 09:29:21', '2019-11-08 09:29:21'),
(169, 12, 'Sven Cremin DVM', 'Alias hic minus voluptas aut. Nihil commodi ullam iure optio quae quis a quo. Cum nulla ut tenetur velit.', 1, '2019-11-08 09:29:21', '2019-11-08 09:29:21'),
(170, 43, 'Audrey Towne', 'Error nesciunt rem sequi. Dolorem error et qui nulla dignissimos ex. Quidem quibusdam reprehenderit vero commodi dignissimos.', 3, '2019-11-08 09:29:21', '2019-11-08 09:29:21'),
(171, 9, 'Kayley Gulgowski', 'Alias nihil ad unde qui quo consectetur. Adipisci sed doloremque sunt rerum quibusdam aut. Ipsam consectetur est in aut explicabo.', 1, '2019-11-08 09:29:21', '2019-11-08 09:29:21'),
(172, 33, 'Brionna Ruecker', 'Fuga perferendis ut numquam quos blanditiis non porro. Et iusto autem asperiores. Dolorem quia inventore aperiam.', 1, '2019-11-08 09:29:21', '2019-11-08 09:29:21'),
(173, 2, 'Joshua Goldner', 'Officiis nisi vitae quas voluptatum. Error repellendus assumenda voluptatem ut. Nobis ratione ab expedita quos facere accusantium beatae.', 2, '2019-11-08 09:29:21', '2019-11-08 09:29:21'),
(174, 10, 'Kayla O\'Kon', 'Beatae vitae perferendis sint inventore non praesentium porro minima. Tempora libero aut porro voluptas est animi nam fugiat. Iusto corporis distinctio dolores voluptates. Error dolore omnis ut eum et repellendus.', 0, '2019-11-08 09:29:21', '2019-11-08 09:29:21'),
(175, 10, 'Wilma Reichert DVM', 'Veritatis rem dolores porro delectus vitae. Quibusdam omnis laudantium sit qui. Enim nulla est voluptas a dolores animi. Sed aliquid voluptates a vitae ipsa ea maiores.', 3, '2019-11-08 09:29:21', '2019-11-08 09:29:21'),
(176, 49, 'Francesco Stark', 'Iusto blanditiis saepe sint voluptate est consequatur. Earum voluptas ipsam sequi est. Sint ad delectus asperiores facilis. Dolorum et nesciunt blanditiis enim non placeat iusto. Neque accusamus et tenetur aut cupiditate veritatis qui inventore.', 5, '2019-11-08 09:29:21', '2019-11-08 09:29:21'),
(177, 45, 'Prof. Samara Cartwright DVM', 'Recusandae animi ea velit voluptatem. Aspernatur earum molestiae quidem ducimus dicta voluptatem. Deleniti maiores minima assumenda ut id.', 2, '2019-11-08 09:29:21', '2019-11-08 09:29:21'),
(178, 4, 'Dr. Solon Medhurst II', 'Et qui reprehenderit omnis excepturi ut. Tenetur illo magni aut. Adipisci non veritatis dolorum qui eos eum voluptatum aut.', 2, '2019-11-08 09:29:21', '2019-11-08 09:29:21'),
(179, 8, 'Betty Schamberger', 'Cumque culpa culpa neque aut perferendis aliquam reiciendis aut. Adipisci aut est et magnam numquam et. Cumque quia rerum perspiciatis tempora. Voluptatem vel sunt cupiditate veritatis.', 3, '2019-11-08 09:29:21', '2019-11-08 09:29:21'),
(180, 43, 'Carroll Collins', 'Neque sapiente a nam sint porro nulla omnis nesciunt. Delectus consequatur non nobis ad id laboriosam. Similique nam ut qui nisi ut. In dolores error architecto exercitationem quos.', 3, '2019-11-08 09:29:21', '2019-11-08 09:29:21'),
(181, 4, 'Monserrate Treutel', 'Non eius perspiciatis voluptatem atque sit. Pariatur quasi molestias ad deleniti autem quidem. Tempora voluptatem officiis rem harum architecto deleniti doloremque.', 0, '2019-11-08 09:29:21', '2019-11-08 09:29:21'),
(182, 30, 'Mr. Jerrell Bednar', 'A sunt eveniet sapiente quae et sed. Veritatis nulla quibusdam doloribus laborum adipisci est. Dolores ut mollitia voluptatem perferendis. Aut cum nulla neque incidunt voluptatem praesentium.', 3, '2019-11-08 09:29:21', '2019-11-08 09:29:21'),
(183, 13, 'Dominic Olson', 'Quibusdam voluptates voluptatum quia voluptas ipsa. Omnis aut facilis maxime quas sunt quis vel. Veniam asperiores eius rerum maiores eius voluptas.', 0, '2019-11-08 09:29:21', '2019-11-08 09:29:21'),
(184, 32, 'Sasha Terry', 'Quos alias est ea soluta. Repellendus laudantium non doloremque iure. Explicabo unde itaque enim blanditiis officia.', 3, '2019-11-08 09:29:21', '2019-11-08 09:29:21'),
(185, 9, 'Jeremy Lang', 'Beatae fugiat et fuga sed dignissimos vel. Natus cumque eum optio ducimus et similique error. Ratione error deleniti vero deleniti labore sunt.', 0, '2019-11-08 09:29:21', '2019-11-08 09:29:21'),
(186, 17, 'Prof. Greyson Little', 'Blanditiis sed et repellat. Ut qui explicabo qui est saepe ut in quisquam. Temporibus sunt impedit tempore nobis qui vitae corrupti.', 4, '2019-11-08 09:29:21', '2019-11-08 09:29:21'),
(187, 47, 'Miss Alyce Schmeler III', 'Praesentium cumque velit quibusdam unde eos non ducimus. Porro rem magnam non ut consequatur maxime provident excepturi. Perferendis repudiandae est in fugit odio recusandae possimus in. Vel omnis officiis nisi delectus omnis.', 2, '2019-11-08 09:29:21', '2019-11-08 09:29:21'),
(188, 17, 'Prof. Erik Ortiz DVM', 'Nobis velit et aut quis mollitia. Veritatis exercitationem nemo sint voluptatibus natus. Minima et beatae labore et eveniet occaecati.', 1, '2019-11-08 09:29:21', '2019-11-08 09:29:21'),
(189, 17, 'Dr. Geo Barrows', 'Est aut qui doloribus dolores minima sunt velit. Aliquid unde aut dignissimos consequatur. Quisquam suscipit magnam facilis neque ipsam. Dolores laudantium deleniti culpa. Magnam sunt est aliquid sapiente ab voluptatum voluptas.', 4, '2019-11-08 09:29:21', '2019-11-08 09:29:21'),
(190, 17, 'Favian Lesch', 'Labore assumenda perferendis accusamus. Doloribus quia quia perferendis dolore molestias.', 0, '2019-11-08 09:29:22', '2019-11-08 09:29:22'),
(191, 16, 'Dr. Xzavier Hayes I', 'Est praesentium optio ut ex blanditiis. Quo quaerat perferendis vel ipsam adipisci quae qui. Dolorem voluptas sit sed. Delectus voluptatem quis doloremque deserunt accusantium.', 1, '2019-11-08 09:29:22', '2019-11-08 09:29:22'),
(192, 13, 'Prof. Ava Bednar Sr.', 'Et reprehenderit accusantium voluptatibus corrupti. Odio at accusantium adipisci facere voluptatibus autem consectetur. Incidunt ipsum occaecati deleniti a quae accusamus qui.', 4, '2019-11-08 09:29:22', '2019-11-08 09:29:22'),
(193, 16, 'Jamar Collins IV', 'Tempora qui quidem excepturi velit minus qui. Iusto deserunt facere magnam unde voluptatem. Sequi molestiae assumenda eaque eos adipisci nesciunt doloribus incidunt. Molestiae est vel saepe quasi maiores.', 0, '2019-11-08 09:29:22', '2019-11-08 09:29:22'),
(194, 24, 'Mr. Nathaniel Glover V', 'Quidem aut ut nemo qui voluptates. Harum hic nostrum delectus velit enim beatae facilis enim. Earum dolorem non tempore neque perspiciatis officiis illo. Repellat nihil architecto non corporis molestiae natus et.', 2, '2019-11-08 09:29:22', '2019-11-08 09:29:22'),
(195, 45, 'Madeline Ankunding', 'Magnam sit vel et non fugit. Et aut rerum accusamus id nemo sit dolores. Maiores ipsam voluptas ab enim quia fuga voluptate. Nemo corporis a rerum voluptatibus qui.', 3, '2019-11-08 09:29:22', '2019-11-08 09:29:22'),
(196, 31, 'Prof. Beau Yost', 'Rem eveniet tenetur at commodi eius. Minus maxime atque ad perferendis.', 3, '2019-11-08 09:29:22', '2019-11-08 09:29:22'),
(197, 3, 'Watson Legros', 'Consequatur nisi adipisci rem. Vel accusantium est consequuntur dolores vero velit qui. Et modi sed ipsa quis. Delectus omnis nihil numquam impedit veniam aut est sed.', 4, '2019-11-08 09:29:22', '2019-11-08 09:29:22'),
(198, 22, 'Ben Roob Sr.', 'Nobis illo vero qui accusantium. Et sunt explicabo quis animi. Dolorem aut provident alias adipisci similique eos asperiores.', 0, '2019-11-08 09:29:22', '2019-11-08 09:29:22'),
(199, 45, 'Eryn Dicki DDS', 'Voluptate perferendis aut repellendus labore. Qui eos numquam assumenda aut ut fuga et. Ab rerum tempore dolore et reiciendis blanditiis nihil.', 0, '2019-11-08 09:29:22', '2019-11-08 09:29:22'),
(200, 13, 'Delores Ferry', 'Occaecati odit error eligendi deserunt voluptas necessitatibus. Eos natus nemo nihil autem iure velit nemo voluptas. Illo ut porro reiciendis quibusdam dicta error et. Veritatis quisquam repellendus necessitatibus incidunt ut non rerum.', 4, '2019-11-08 09:29:22', '2019-11-08 09:29:22'),
(201, 18, 'Cecelia Lockman', 'Rerum enim dignissimos et eaque iste. Aspernatur quis sit voluptatem saepe et et cupiditate. Qui eius id ipsam tempore illum est.', 0, '2019-11-08 09:29:22', '2019-11-08 09:29:22'),
(202, 44, 'Prof. Geovanni Schuppe V', 'Ut natus et omnis fugiat velit. Eos rerum omnis dolor beatae ratione. Suscipit impedit dolore placeat accusamus.', 5, '2019-11-08 09:29:22', '2019-11-08 09:29:22'),
(203, 49, 'Prof. Peter Ankunding', 'Fuga deserunt ipsum error placeat in. Minima rerum similique sed eos veniam distinctio. Similique dolorum sunt unde suscipit natus excepturi. Sunt hic dolorem natus. Eveniet laudantium iusto voluptas facilis dignissimos.', 3, '2019-11-08 09:29:22', '2019-11-08 09:29:22'),
(204, 6, 'Arielle Predovic', 'Inventore recusandae impedit est corporis et. Qui atque aspernatur quis adipisci quibusdam nostrum. Odio inventore deleniti laborum id assumenda. Beatae ut mollitia aut reiciendis.', 3, '2019-11-08 09:29:22', '2019-11-08 09:29:22'),
(205, 12, 'Deja Batz', 'Illo totam sint ut aperiam consequatur vel. Perspiciatis non dignissimos sequi distinctio impedit autem temporibus. Quod et eligendi corporis et sunt. Aut molestias numquam earum quo nobis amet nobis.', 1, '2019-11-08 09:29:22', '2019-11-08 09:29:22'),
(206, 14, 'Dr. Chase Kovacek PhD', 'Corrupti eos repudiandae corporis omnis. Occaecati nihil et sunt in quia laborum sint. Non suscipit id voluptatem odio.', 5, '2019-11-08 09:29:23', '2019-11-08 09:29:23');
INSERT INTO `reviews` (`id`, `product_id`, `customer`, `review`, `star`, `created_at`, `updated_at`) VALUES
(207, 2, 'Miss Gail Hamill', 'Aut corrupti voluptatem sed consequatur excepturi dolorum. Quo qui tenetur laudantium. Id adipisci rem pariatur reiciendis aut ut ducimus.', 3, '2019-11-08 09:29:23', '2019-11-08 09:29:23'),
(208, 35, 'Jasen Beatty', 'Unde praesentium ut sunt tempore nostrum in. Non aliquid voluptas maiores vitae architecto doloribus. Et voluptates id aut sint et aut rerum. Sunt architecto nulla odit sit enim deleniti id.', 1, '2019-11-08 09:29:23', '2019-11-08 09:29:23'),
(209, 34, 'George Nader', 'Repudiandae facere deserunt eum doloribus velit alias. Laborum praesentium tenetur magni ratione dolorum ut dolor. Sit corporis reiciendis commodi labore eveniet dolor.', 2, '2019-11-08 09:29:23', '2019-11-08 09:29:23'),
(210, 26, 'Ms. Cydney Purdy II', 'Non sit ab corrupti culpa et. Rerum nobis vero ut maxime est qui. Quia consequatur aperiam qui alias tempore voluptatibus. Eius ut ea sapiente.', 4, '2019-11-08 09:29:23', '2019-11-08 09:29:23'),
(211, 40, 'Sonia Herman', 'Sint nihil id cumque aut impedit unde. Quam quaerat ut soluta quia nobis nihil. Dolor harum ut vel voluptas.', 1, '2019-11-08 09:29:23', '2019-11-08 09:29:23'),
(212, 39, 'Godfrey Will', 'Quae aut dolore aut magnam temporibus. Pariatur reiciendis aut cumque dolorem. Nostrum alias laboriosam debitis consectetur iusto consectetur est unde. Provident cum explicabo totam porro et et est.', 4, '2019-11-08 09:29:23', '2019-11-08 09:29:23'),
(213, 11, 'Salma Mante', 'Laudantium accusantium cupiditate voluptates accusamus modi veritatis pariatur. A ut aliquid molestiae. Est excepturi iusto ut sit voluptates quia. Placeat rerum fugiat beatae omnis in suscipit occaecati.', 3, '2019-11-08 09:29:23', '2019-11-08 09:29:23'),
(214, 43, 'Sage Russel', 'Consequatur totam eos soluta doloribus. Sit provident deleniti neque nobis animi debitis.', 5, '2019-11-08 09:29:23', '2019-11-08 09:29:23'),
(215, 30, 'Prof. Nicholas Beer III', 'Quis sed modi et eaque id. Rem voluptas ipsum explicabo totam quia vel. Molestias quisquam animi delectus quam distinctio.', 0, '2019-11-08 09:29:23', '2019-11-08 09:29:23'),
(216, 22, 'Dr. Wendy Ortiz DDS', 'Voluptatum quasi magni id et dolores asperiores. Exercitationem ut voluptate maiores aliquid harum ut dolor.', 3, '2019-11-08 09:29:23', '2019-11-08 09:29:23'),
(217, 11, 'Prof. Violette Keebler II', 'Earum mollitia ut quo. Voluptatibus est inventore unde doloribus quod nobis. Et est vel quibusdam maxime impedit. Cumque qui eius hic reprehenderit.', 0, '2019-11-08 09:29:23', '2019-11-08 09:29:23'),
(218, 13, 'Mr. Jarret Reilly', 'Necessitatibus vel porro pariatur quia. Aut magnam tenetur eligendi maiores vero. Sapiente odio dolorem quae mollitia et.', 5, '2019-11-08 09:29:23', '2019-11-08 09:29:23'),
(219, 43, 'Clint Greenholt PhD', 'Asperiores nam pariatur enim autem dolore. Sit iste ab eaque nihil nemo incidunt. Optio in eos consequatur explicabo ipsam magnam et harum. Omnis laborum architecto voluptatem ut quas debitis.', 2, '2019-11-08 09:29:23', '2019-11-08 09:29:23'),
(220, 23, 'Prof. Durward Rath Jr.', 'Numquam maxime voluptatem voluptas atque ea. Occaecati velit dicta porro ex atque aut modi. Porro eaque veritatis sit dolorem distinctio. Quas deleniti similique eligendi modi non dolor et. Ea asperiores amet eos tempora tempora quia.', 1, '2019-11-08 09:29:23', '2019-11-08 09:29:23'),
(221, 7, 'Enos Turner', 'Unde iste voluptas quia sit. Quos inventore cupiditate eaque occaecati ipsam molestiae ut. Amet quasi cupiditate dicta ut. Maiores ipsam officia rerum quas tempore.', 1, '2019-11-08 09:29:23', '2019-11-08 09:29:23'),
(222, 27, 'Doris Dietrich', 'Mollitia quaerat fuga nihil. Officia et tenetur maiores enim libero iusto velit. Dolor laborum exercitationem ut et alias facilis molestias iure.', 1, '2019-11-08 09:29:23', '2019-11-08 09:29:23'),
(223, 46, 'Dr. Ursula Gorczany III', 'Aut voluptatem sunt sed. Eaque repellendus veritatis unde quidem est illo voluptas. Consequuntur quidem nisi itaque eius eos corporis. Quibusdam quibusdam ratione et et consequuntur et aliquam repellat.', 1, '2019-11-08 09:29:23', '2019-11-08 09:29:23'),
(224, 20, 'Lupe Leuschke', 'Aut quas aut ut velit. Et quasi est perferendis omnis. Occaecati ea dicta voluptate aut consectetur.', 0, '2019-11-08 09:29:23', '2019-11-08 09:29:23'),
(225, 28, 'Gus Block', 'Cupiditate praesentium harum dolores. Qui tenetur recusandae voluptas adipisci dolor. Sit accusantium similique impedit harum soluta aspernatur. Ducimus ea quis temporibus ipsa nisi dolorem.', 1, '2019-11-08 09:29:24', '2019-11-08 09:29:24'),
(226, 16, 'Dwight Hill', 'Pariatur itaque qui et expedita dicta quasi. Enim veritatis quidem aperiam explicabo ducimus et excepturi. Ut laborum cupiditate sit consequuntur. Ab consequatur ut natus. Dolorem eos eaque magni quis tempore.', 5, '2019-11-08 09:29:24', '2019-11-08 09:29:24'),
(227, 12, 'Dr. Virginia Gorczany Jr.', 'Enim iste velit quis eos labore. Adipisci molestiae dignissimos odio assumenda aut. Nam perferendis ut quae nisi non.', 5, '2019-11-08 09:29:24', '2019-11-08 09:29:24'),
(228, 36, 'Mrs. Alia Bednar', 'Qui et quas rerum nihil autem aliquid natus voluptas. Magnam voluptatem eum sit sed magni doloribus. Dolor deleniti error aperiam dignissimos.', 2, '2019-11-08 09:29:24', '2019-11-08 09:29:24'),
(229, 28, 'Russel Kunze', 'Rerum magnam at voluptates optio sed nihil repellendus suscipit. Dolores architecto nihil ipsum nisi sint et corporis. Non dolorem rerum odit maiores illum at a.', 4, '2019-11-08 09:29:24', '2019-11-08 09:29:24'),
(230, 47, 'Marcella Williamson', 'Possimus qui assumenda voluptas. Et sit qui voluptatum doloremque et placeat.', 3, '2019-11-08 09:29:24', '2019-11-08 09:29:24'),
(231, 45, 'Noah Langworth', 'Recusandae aut et dolores. Et modi vitae placeat dolorem. Velit nam quibusdam at minus architecto nemo neque. In consectetur voluptas veniam voluptatem quas neque dolorem.', 3, '2019-11-08 09:29:24', '2019-11-08 09:29:24'),
(232, 35, 'Rogers Hartmann', 'Veritatis maxime ex rerum quos natus. Officia ut libero reiciendis saepe est eos alias vero. Labore minima officiis explicabo eos cupiditate deleniti. Error voluptatem tenetur dolor amet.', 0, '2019-11-08 09:29:24', '2019-11-08 09:29:24'),
(233, 35, 'Prof. Eulalia Greenfelder PhD', 'Eius molestiae et dolorem nemo eveniet aut quas. Aperiam animi voluptates nam dolorum consequatur quod est. Quaerat ex aut sapiente. Et corrupti animi id voluptatem.', 0, '2019-11-08 09:29:24', '2019-11-08 09:29:24'),
(234, 24, 'Dr. Sammy Parisian', 'Delectus nostrum nesciunt voluptatem impedit ut quis. Neque vel voluptate a. Consequatur et sed vitae earum est. Rem in et quasi quae esse.', 1, '2019-11-08 09:29:24', '2019-11-08 09:29:24'),
(235, 7, 'Janet Stark', 'Fugiat accusamus non vel consequatur. A illum earum est sed et ipsa iusto harum. Quia est et voluptas ut. Recusandae est quia dolorum aut a. Deleniti quos animi ut eaque.', 1, '2019-11-08 09:29:24', '2019-11-08 09:29:24'),
(236, 38, 'Waino Armstrong', 'Facere libero exercitationem ut. Odit rem odio fugit maxime non. Fugit autem deserunt incidunt facere nostrum.', 1, '2019-11-08 09:29:24', '2019-11-08 09:29:24'),
(237, 28, 'Alexanne Kunde IV', 'Eligendi enim tenetur voluptatum commodi dolore aperiam facere. Reiciendis maxime facilis facere nesciunt quia et aut. Ut iure hic alias. Architecto id laborum similique beatae a nulla. Qui atque corrupti maiores minima nisi.', 4, '2019-11-08 09:29:24', '2019-11-08 09:29:24'),
(238, 10, 'Tatyana Kautzer', 'Pariatur ut consequatur enim magni. Debitis in occaecati ut. Placeat provident neque dolores et necessitatibus quisquam.', 2, '2019-11-08 09:29:24', '2019-11-08 09:29:24'),
(239, 4, 'Heath Armstrong', 'Et aliquam quaerat veniam aut qui delectus quod. Officiis non fugit est voluptatem quasi iusto. Maxime natus esse nobis omnis doloribus. Vero et nobis cupiditate.', 1, '2019-11-08 09:29:24', '2019-11-08 09:29:24'),
(240, 35, 'Lance Schowalter', 'Magni beatae earum ea optio occaecati. Quae numquam nisi facilis fuga pariatur eius. Est voluptatem itaque officia. Veniam dignissimos eligendi dolor.', 1, '2019-11-08 09:29:24', '2019-11-08 09:29:24'),
(241, 23, 'Mrs. Zoe Hagenes Jr.', 'Consequuntur ea repudiandae animi doloribus blanditiis necessitatibus. Iste enim dignissimos nihil fugit. Voluptatem quis facilis hic omnis est qui.', 0, '2019-11-08 09:29:24', '2019-11-08 09:29:24'),
(242, 46, 'Lily Smitham III', 'Illum omnis eos libero error. Deleniti ab sit dignissimos. Quibusdam repellendus ut voluptates sunt culpa nesciunt quisquam.', 4, '2019-11-08 09:29:25', '2019-11-08 09:29:25'),
(243, 46, 'Ms. Thelma Auer', 'Molestiae repellat natus tempore eius non et ea. Quam nobis est qui quisquam. Corporis qui adipisci excepturi vel voluptatem qui error. Perspiciatis atque occaecati minus quae aut.', 5, '2019-11-08 09:29:25', '2019-11-08 09:29:25'),
(244, 16, 'Cathrine Upton', 'Et voluptas quo fugit ullam inventore quos quam. Sit neque blanditiis cumque. Velit reprehenderit corrupti ullam. Laudantium et fugit fugiat est.', 5, '2019-11-08 09:29:25', '2019-11-08 09:29:25'),
(245, 34, 'Helga Carroll', 'Quas perferendis magnam et qui officiis. Aliquam quis et dolores et repellendus. Consectetur beatae harum non quia voluptatem expedita.', 3, '2019-11-08 09:29:25', '2019-11-08 09:29:25'),
(246, 8, 'Brandon Koch PhD', 'Eum cupiditate qui quos qui quis ducimus laborum. Aut quia quisquam harum nulla. Id eum ducimus qui eum accusantium.', 2, '2019-11-08 09:29:25', '2019-11-08 09:29:25'),
(247, 26, 'Jeremy Hyatt Sr.', 'Aliquid tenetur voluptas optio est nihil. Odit incidunt id nobis quibusdam. Aut veniam veniam ut consequuntur harum et.', 4, '2019-11-08 09:29:25', '2019-11-08 09:29:25'),
(248, 40, 'Emelie Brown', 'Nobis aspernatur accusamus ex. Autem aut corporis doloremque reprehenderit voluptatem. Facilis dolores vel omnis.', 1, '2019-11-08 09:29:25', '2019-11-08 09:29:25'),
(249, 10, 'Nedra Heidenreich Sr.', 'Voluptas aut rem aperiam dolores nihil et assumenda. Et quae ad corrupti expedita dolor earum. Unde itaque tenetur eum veniam ullam totam atque. Repellendus aut exercitationem ullam totam veniam magnam voluptas.', 1, '2019-11-08 09:29:25', '2019-11-08 09:29:25'),
(250, 18, 'Jackson Padberg V', 'Modi beatae quis nemo sapiente ut sunt. Dolorem culpa est optio dolores a voluptas impedit cupiditate. Quas repudiandae quo illo qui consequatur a quae.', 2, '2019-11-08 09:29:25', '2019-11-08 09:29:25'),
(251, 24, 'Casimir Monahan', 'Et nihil nostrum ipsa officia. Qui et iste officia molestiae est doloremque dolorum perferendis. Enim temporibus labore facilis. Dolorem illum iusto et quo eum veritatis neque.', 2, '2019-11-08 09:29:25', '2019-11-08 09:29:25'),
(252, 28, 'Dr. Monique Beer', 'Est quibusdam commodi et ducimus. Nemo qui cumque optio aut. Dolore omnis asperiores tempore et cumque. Pariatur et omnis repellat laborum eum velit.', 5, '2019-11-08 09:29:25', '2019-11-08 09:29:25'),
(253, 20, 'Delilah Stoltenberg Jr.', 'Eveniet aut fuga explicabo a qui facilis repellendus. Excepturi provident fugit distinctio deserunt et fugiat illo. Corrupti adipisci tenetur quae cumque aut non. Praesentium et veritatis illo sunt eius.', 2, '2019-11-08 09:29:25', '2019-11-08 09:29:25'),
(254, 26, 'Bryana Lowe', 'Laudantium nihil repellat nulla sit facilis ipsa sequi. Eos sed vel quod officiis in voluptatum qui. Ratione quo perferendis voluptates hic dolorum. Eos eum eligendi similique dolores accusantium esse. Aperiam in consectetur est.', 0, '2019-11-08 09:29:25', '2019-11-08 09:29:25'),
(255, 11, 'Cali Orn', 'Est voluptatem illo facere quidem veniam. Omnis porro ut sapiente ducimus. Sed autem amet commodi in enim. Quia aut natus aut earum a recusandae numquam.', 2, '2019-11-08 09:29:25', '2019-11-08 09:29:25'),
(256, 27, 'Jasmin Kozey', 'Deserunt nihil et ut temporibus. Ad libero quia dolor non voluptas autem odit enim. Qui dolores adipisci architecto. Voluptas tempora minima numquam aut aperiam numquam dolorem. Non odit accusantium quia.', 2, '2019-11-08 09:29:25', '2019-11-08 09:29:25'),
(257, 43, 'Mrs. Beryl Rodriguez DVM', 'Ipsum minus laudantium dolorem. Vero consequuntur enim voluptatem quis. Architecto beatae blanditiis quae maxime illum cupiditate et et.', 3, '2019-11-08 09:29:25', '2019-11-08 09:29:25'),
(258, 31, 'Cody Upton', 'Et eum doloremque dolores a. Error quod eaque eum a aut. Omnis voluptate omnis reprehenderit ex ut dolores unde ratione. Harum et occaecati aliquam facilis molestiae repellat.', 5, '2019-11-08 09:29:25', '2019-11-08 09:29:25'),
(259, 37, 'Dr. Brody Kutch III', 'Commodi quam eum eveniet ut aut repellendus rerum labore. Sit eligendi quisquam cumque ea sed rerum natus. Repudiandae facere voluptas ut repellat.', 1, '2019-11-08 09:29:25', '2019-11-08 09:29:25'),
(260, 16, 'Gayle Bergstrom II', 'Minus numquam minima delectus veritatis assumenda sed. Mollitia nihil aperiam ipsam dolor.', 1, '2019-11-08 09:29:25', '2019-11-08 09:29:25'),
(261, 39, 'Jarret Smitham', 'Qui adipisci numquam aperiam aut nisi id. Fugiat eveniet aut quia eligendi nam non. Optio quas est occaecati totam atque aut. Sequi omnis rem aut praesentium recusandae qui.', 5, '2019-11-08 09:29:25', '2019-11-08 09:29:25'),
(262, 12, 'Destany Dare Sr.', 'Ducimus sed consectetur sapiente. Amet tempore perferendis aperiam laudantium. Asperiores autem eveniet velit et laboriosam est. Corporis nisi omnis voluptas.', 3, '2019-11-08 09:29:25', '2019-11-08 09:29:25'),
(263, 12, 'Lisandro Predovic', 'Vero omnis dolores ut et. Distinctio incidunt non omnis mollitia hic. Itaque soluta nihil unde ipsum veritatis illo.', 5, '2019-11-08 09:29:25', '2019-11-08 09:29:25'),
(264, 26, 'Damion Schroeder', 'Nihil sed sunt cupiditate aut velit. Voluptatem autem veniam voluptas ut quia officiis consectetur. Non numquam possimus quo dignissimos id recusandae numquam. Incidunt quasi placeat maiores earum iure id.', 5, '2019-11-08 09:29:25', '2019-11-08 09:29:25'),
(265, 29, 'Dr. Tristin Ferry', 'Est quo assumenda aut consequuntur animi deleniti magnam. Impedit necessitatibus qui sequi non quia. Enim veritatis voluptatibus neque inventore. Distinctio rerum minus aut quo omnis.', 1, '2019-11-08 09:29:26', '2019-11-08 09:29:26'),
(266, 39, 'Prof. Meda Haley PhD', 'Et dicta eum itaque qui in voluptatem. Mollitia ut in ut quisquam odio eum.', 4, '2019-11-08 09:29:26', '2019-11-08 09:29:26'),
(267, 50, 'Prof. Janick Hamill', 'Dolores vero modi in sequi. Modi corrupti minima iste. Nihil est et reiciendis. Debitis nobis ipsum adipisci et voluptatem quasi.', 5, '2019-11-08 09:29:26', '2019-11-08 09:29:26'),
(268, 17, 'Stephon Bartoletti', 'Doloremque eius totam blanditiis pariatur. Voluptate est eligendi ea. Enim quidem voluptatem cupiditate cupiditate a impedit. Unde similique et molestiae ut aliquid.', 2, '2019-11-08 09:29:26', '2019-11-08 09:29:26'),
(269, 16, 'Dr. Jordane Rice', 'Doloremque sit odio ab consectetur iure voluptate similique aliquid. Voluptatem sunt et deserunt laboriosam distinctio odio.', 2, '2019-11-08 09:29:26', '2019-11-08 09:29:26'),
(270, 26, 'Cristobal Ruecker', 'Nulla repudiandae blanditiis qui repellat vel reprehenderit omnis. Dolorum possimus consectetur eum saepe. Explicabo at vel laborum ut modi dicta.', 4, '2019-11-08 09:29:26', '2019-11-08 09:29:26'),
(271, 50, 'Hobart Kris', 'Corporis ut cupiditate qui molestiae ipsa. Quia eos itaque officia provident at sit. Fuga officia eveniet consequatur iusto. Est voluptas ipsam et est suscipit voluptatem consequatur.', 5, '2019-11-08 09:29:26', '2019-11-08 09:29:26'),
(272, 47, 'Kaci Fay', 'Enim sit ut ut fuga cupiditate. Totam consequatur labore et accusantium. Dolorem possimus quia necessitatibus id labore qui incidunt.', 0, '2019-11-08 09:29:26', '2019-11-08 09:29:26'),
(273, 8, 'Dr. Dasia Rogahn', 'Rerum sapiente sequi nesciunt beatae molestiae id nesciunt. Quaerat iusto tempore sint magni optio. Ut quia nobis eos illum qui.', 1, '2019-11-08 09:29:26', '2019-11-08 09:29:26'),
(274, 27, 'Dr. Aida Kunde DDS', 'Maiores sed veritatis quas iste sit aspernatur. Autem ut adipisci qui aut. Deleniti et vel et debitis nobis.', 2, '2019-11-08 09:29:26', '2019-11-08 09:29:26'),
(275, 15, 'Miss Jazmin Flatley PhD', 'Laboriosam ipsum qui laudantium iure sed doloremque ipsum. Sed modi natus necessitatibus molestiae amet similique maxime non. Dolor beatae qui excepturi enim culpa dolores.', 1, '2019-11-08 09:29:26', '2019-11-08 09:29:26'),
(276, 34, 'Prof. Kaylin Stark II', 'Blanditiis voluptas expedita molestias amet. Minus atque alias doloremque libero veritatis magnam vel. Error fugiat rem libero eos. Inventore iusto totam perferendis cupiditate libero consequuntur magnam. Quidem velit et voluptas.', 0, '2019-11-08 09:29:26', '2019-11-08 09:29:26'),
(277, 19, 'Mr. Abdullah Leannon DDS', 'Quos qui molestiae excepturi enim consequuntur est ex. Neque et eveniet laudantium labore explicabo voluptas assumenda. Omnis officiis nisi culpa eaque est. Qui fugiat quis totam velit quia ut tempora.', 2, '2019-11-08 09:29:26', '2019-11-08 09:29:26'),
(278, 34, 'Savion Cronin', 'Dolorum eum omnis voluptatum officiis qui quo dignissimos ipsum. Ex fugit magni porro. Dolore eos fugiat et voluptate.', 1, '2019-11-08 09:29:26', '2019-11-08 09:29:26'),
(279, 12, 'Prof. Sven DuBuque', 'Perferendis quia qui quos accusamus. Necessitatibus laboriosam sed accusamus. Ea distinctio non eos officiis itaque inventore. Sit debitis blanditiis voluptatem voluptas dolores ab.', 2, '2019-11-08 09:29:26', '2019-11-08 09:29:26'),
(280, 47, 'Jermaine Roberts', 'Qui delectus nihil aut dicta veniam. In repudiandae porro quia et nostrum quam. Qui repudiandae praesentium rerum maiores ducimus rerum laborum. Cumque enim aut dolore soluta explicabo aut totam sed.', 4, '2019-11-08 09:29:26', '2019-11-08 09:29:26'),
(281, 7, 'Natalia Huels', 'Voluptas eum aliquid atque quo. Ipsum rerum nostrum laborum est quis ad aut omnis. Autem repellendus aut sit eius. Hic eveniet minus ea repellat eos.', 0, '2019-11-08 09:29:26', '2019-11-08 09:29:26'),
(282, 2, 'Wilburn Ankunding Sr.', 'Illum et magni odio magni eum eum ipsam nisi. Nulla beatae accusantium quia enim reprehenderit facere. Saepe et sed aut cupiditate aperiam at officia est.', 0, '2019-11-08 09:29:26', '2019-11-08 09:29:26'),
(283, 21, 'Itzel Wilderman', 'Error incidunt quas voluptates fugiat sed. Iure aperiam et rerum rerum similique odit qui vitae. Est aperiam quo ut nemo.', 1, '2019-11-08 09:29:26', '2019-11-08 09:29:26'),
(284, 21, 'Nicole Ledner', 'Qui repudiandae ad eum iste commodi. Voluptatem consequuntur non consequuntur eos. Sapiente dolore et qui maxime et voluptatem voluptas.', 0, '2019-11-08 09:29:26', '2019-11-08 09:29:26'),
(285, 50, 'Therese Rath', 'Perferendis exercitationem exercitationem iure corrupti. Numquam ut doloribus vitae. Earum harum excepturi asperiores et.', 3, '2019-11-08 09:29:26', '2019-11-08 09:29:26'),
(286, 34, 'Misty Funk', 'Dolor harum perferendis totam quidem. Cumque est reprehenderit in eveniet alias iste sed vel. Eaque voluptas cupiditate et porro quidem.', 0, '2019-11-08 09:29:27', '2019-11-08 09:29:27'),
(287, 8, 'Dorothy Goyette DDS', 'Sit rerum dolor voluptate ut. Est laboriosam consequuntur consequatur est enim sit sit. Porro facilis alias animi cumque voluptas voluptate.', 3, '2019-11-08 09:29:27', '2019-11-08 09:29:27'),
(288, 28, 'Angie Sipes', 'Est modi qui inventore rem rem vel. Distinctio inventore aut tempore et ducimus. Sint quasi facere aperiam at facere.', 0, '2019-11-08 09:29:27', '2019-11-08 09:29:27'),
(289, 12, 'Kirstin Gottlieb II', 'Quas aut laudantium ad a rerum ut. Est architecto nostrum consequatur. Placeat autem minima necessitatibus iste deleniti dolorem est.', 4, '2019-11-08 09:29:27', '2019-11-08 09:29:27'),
(290, 10, 'Dayna Johnston', 'Nam delectus ex hic nihil cum nihil. Et aut eveniet odio incidunt. Recusandae consequatur eos quia omnis. Officia corrupti sit dolor est sunt.', 5, '2019-11-08 09:29:27', '2019-11-08 09:29:27'),
(291, 20, 'Gerry Marquardt III', 'Libero omnis error omnis autem. Consequatur omnis totam hic iusto.', 2, '2019-11-08 09:29:27', '2019-11-08 09:29:27'),
(292, 21, 'Rebekah Miller DDS', 'Reiciendis illo nulla mollitia voluptatem consectetur. Doloremque voluptates quia ducimus ipsum. Non sapiente vel fugiat repellendus expedita.', 4, '2019-11-08 09:29:27', '2019-11-08 09:29:27'),
(293, 29, 'Shaniya Bechtelar', 'Voluptatem cumque aliquam non inventore cum libero. Aperiam quidem atque ut.', 4, '2019-11-08 09:29:27', '2019-11-08 09:29:27'),
(294, 5, 'Khalil Predovic', 'Repellendus dicta vel et voluptatem nulla aut. Ut cumque atque voluptate porro voluptas dolores tempora. Illo fugiat aut est ipsam molestias in. Quo quia veniam ut nihil.', 0, '2019-11-08 09:29:27', '2019-11-08 09:29:27'),
(295, 7, 'Tremayne Haag', 'Accusantium accusantium iure eaque odit aut quod blanditiis. Atque earum beatae aut saepe error quia quasi eligendi. Est aliquam omnis qui labore aut dolores laudantium. Dolorum vitae esse natus nihil est. Dolorem corporis adipisci earum illo corrupti.', 3, '2019-11-08 09:29:27', '2019-11-08 09:29:27'),
(296, 34, 'Prof. Cydney Fahey Jr.', 'Nostrum harum et nobis ut a soluta. Exercitationem et autem veniam velit natus quidem velit atque. Debitis sed et repellendus earum cum commodi in nesciunt. Dolores voluptatem quia quae in labore nihil.', 1, '2019-11-08 09:29:27', '2019-11-08 09:29:27'),
(297, 3, 'Daija Emard', 'Inventore nulla facilis omnis. Id nulla nesciunt a qui. Et voluptatem qui est odio.', 5, '2019-11-08 09:29:27', '2019-11-08 09:29:27'),
(298, 7, 'Mrs. Ellie Reilly IV', 'Et doloribus delectus corrupti laboriosam. Maxime asperiores consectetur blanditiis aperiam qui tempora quia.', 1, '2019-11-08 09:29:27', '2019-11-08 09:29:27'),
(299, 22, 'Tod McCullough', 'Blanditiis adipisci qui quisquam voluptatem. Id nihil et maiores magnam mollitia eligendi. Quia fugit expedita corporis sed. Veritatis sed dolores voluptatem quidem.', 1, '2019-11-08 09:29:27', '2019-11-08 09:29:27'),
(300, 10, 'Mitchel Fritsch', 'Excepturi est quos qui rerum provident minus. Magnam tempore similique sed dolorem sunt modi reiciendis. Quaerat atque soluta pariatur velit.', 1, '2019-11-08 09:29:27', '2019-11-08 09:29:27');

-- --------------------------------------------------------

--
-- Table structure for table `users`
--

CREATE TABLE `users` (
  `id` bigint(20) UNSIGNED NOT NULL,
  `name` varchar(255) COLLATE utf8mb4_unicode_ci NOT NULL,
  `email` varchar(255) COLLATE utf8mb4_unicode_ci NOT NULL,
  `email_verified_at` timestamp NULL DEFAULT NULL,
  `password` varchar(255) COLLATE utf8mb4_unicode_ci NOT NULL,
  `remember_token` varchar(100) COLLATE utf8mb4_unicode_ci DEFAULT NULL,
  `created_at` timestamp NULL DEFAULT NULL,
  `updated_at` timestamp NULL DEFAULT NULL
) ENGINE=InnoDB DEFAULT CHARSET=utf8mb4 COLLATE=utf8mb4_unicode_ci;

--
-- Indexes for dumped tables
--

--
-- Indexes for table `failed_jobs`
--
ALTER TABLE `failed_jobs`
  ADD PRIMARY KEY (`id`);

--
-- Indexes for table `migrations`
--
ALTER TABLE `migrations`
  ADD PRIMARY KEY (`id`);

--
-- Indexes for table `password_resets`
--
ALTER TABLE `password_resets`
  ADD KEY `password_resets_email_index` (`email`);

--
-- Indexes for table `products`
--
ALTER TABLE `products`
  ADD PRIMARY KEY (`id`);

--
-- Indexes for table `reviews`
--
ALTER TABLE `reviews`
  ADD PRIMARY KEY (`id`),
  ADD KEY `reviews_product_id_index` (`product_id`);

--
-- Indexes for table `users`
--
ALTER TABLE `users`
  ADD PRIMARY KEY (`id`),
  ADD UNIQUE KEY `users_email_unique` (`email`);

--
-- AUTO_INCREMENT for dumped tables
--

--
-- AUTO_INCREMENT for table `failed_jobs`
--
ALTER TABLE `failed_jobs`
  MODIFY `id` bigint(20) UNSIGNED NOT NULL AUTO_INCREMENT;

--
-- AUTO_INCREMENT for table `migrations`
--
ALTER TABLE `migrations`
  MODIFY `id` int(10) UNSIGNED NOT NULL AUTO_INCREMENT, AUTO_INCREMENT=6;

--
-- AUTO_INCREMENT for table `products`
--
ALTER TABLE `products`
  MODIFY `id` int(10) UNSIGNED NOT NULL AUTO_INCREMENT, AUTO_INCREMENT=51;

--
-- AUTO_INCREMENT for table `reviews`
--
ALTER TABLE `reviews`
  MODIFY `id` int(10) UNSIGNED NOT NULL AUTO_INCREMENT, AUTO_INCREMENT=301;

--
-- AUTO_INCREMENT for table `users`
--
ALTER TABLE `users`
  MODIFY `id` bigint(20) UNSIGNED NOT NULL AUTO_INCREMENT;

--
-- Constraints for dumped tables
--

--
-- Constraints for table `reviews`
--
ALTER TABLE `reviews`
  ADD CONSTRAINT `reviews_product_id_foreign` FOREIGN KEY (`product_id`) REFERENCES `products` (`id`) ON DELETE CASCADE;
COMMIT;

/*!40101 SET CHARACTER_SET_CLIENT=@OLD_CHARACTER_SET_CLIENT */;
/*!40101 SET CHARACTER_SET_RESULTS=@OLD_CHARACTER_SET_RESULTS */;
/*!40101 SET COLLATION_CONNECTION=@OLD_COLLATION_CONNECTION */;
